{
  "resource_pack_name": "vanilla",
  "texture_name": "atlas.terrain",
  "padding": 8,
  "num_mip_levels": 4,
  "texture_data": {
    "potted_azalea_bush_plant": {
      "textures": "textures/blocks/potted_azalea_bush_plant"
    },
    "potted_azalea_bush_side": {
      "textures": "textures/blocks/potted_azalea_bush_side"
    },
    "potted_azalea_bush_top": {
      "textures": "textures/blocks/potted_azalea_bush_top"
    },
    "potted_flowering_azalea_bush_plant": {
      "textures": "textures/blocks/potted_flowering_azalea_bush_plant"
    },
    "potted_flowering_azalea_bush_side": {
      "textures": "textures/blocks/potted_flowering_azalea_bush_side"
    },
    "potted_flowering_azalea_bush_top": {
      "textures": "textures/blocks/potted_flowering_azalea_bush_top"
    },
    "candle": {
      "textures": [
        "textures/blocks/candles/candle",
        "textures/blocks/candles/candle_lit"
      ]
    },
    "candle_carried": {
      "textures": "textures/items/candles/candle"
    },
    "white_candle": {
      "textures": [
        "textures/blocks/candles/white_candle",
        "textures/blocks/candles/white_candle_lit"
      ]
    },
    "white_candle_carried": {
      "textures": "textures/items/candles/white_candle"
    },
    "orange_candle": {
      "textures": [
        "textures/blocks/candles/orange_candle",
        "textures/blocks/candles/orange_candle_lit"
      ]
    },
    "orange_candle_carried": {
      "textures": "textures/items/candles/orange_candle"
    },
    "magenta_candle": {
      "textures": [
        "textures/blocks/candles/magenta_candle",
        "textures/blocks/candles/magenta_candle_lit"
      ]
    },
    "magenta_candle_carried": {
      "textures": "textures/items/candles/magenta_candle"
    },
    "light_blue_candle": {
      "textures": [
        "textures/blocks/candles/light_blue_candle",
        "textures/blocks/candles/light_blue_candle_lit"
      ]
    },
    "light_blue_candle_carried": {
      "textures": "textures/items/candles/light_blue_candle"
    },
    "yellow_candle": {
      "textures": [
        "textures/blocks/candles/yellow_candle",
        "textures/blocks/candles/yellow_candle_lit"
      ]
    },
    "yellow_candle_carried": {
      "textures": "textures/items/candles/yellow_candle"
    },
    "lime_candle": {
      "textures": [
        "textures/blocks/candles/lime_candle",
        "textures/blocks/candles/lime_candle_lit"
      ]
    },
    "lime_candle_carried": {
      "textures": "textures/items/candles/lime_candle"
    },
    "pink_candle": {
      "textures": [
        "textures/blocks/candles/pink_candle",
        "textures/blocks/candles/pink_candle_lit"
      ]
    },
    "pink_candle_carried": {
      "textures": "textures/items/candles/pink_candle"
    },
    "gray_candle": {
      "textures": [
        "textures/blocks/candles/gray_candle",
        "textures/blocks/candles/gray_candle_lit"
      ]
    },
    "gray_candle_carried": {
      "textures": "textures/items/candles/gray_candle"
    },
    "light_gray_candle": {
      "textures": [
        "textures/blocks/candles/light_gray_candle",
        "textures/blocks/candles/light_gray_candle_lit"
      ]
    },
    "light_gray_candle_carried": {
      "textures": "textures/items/candles/light_gray_candle"
    },
    "cyan_candle": {
      "textures": [
        "textures/blocks/candles/cyan_candle",
        "textures/blocks/candles/cyan_candle_lit"
      ]
    },
    "cyan_candle_carried": {
      "textures": "textures/items/candles/cyan_candle"
    },
    "purple_candle": {
      "textures": [
        "textures/blocks/candles/purple_candle",
        "textures/blocks/candles/purple_candle_lit"
      ]
    },
    "purple_candle_carried": {
      "textures": "textures/items/candles/purple_candle"
    },
    "blue_candle": {
      "textures": [
        "textures/blocks/candles/blue_candle",
        "textures/blocks/candles/blue_candle_lit"
      ]
    },
    "blue_candle_carried": {
      "textures": "textures/items/candles/blue_candle"
    },
    "brown_candle": {
      "textures": [
        "textures/blocks/candles/brown_candle",
        "textures/blocks/candles/brown_candle_lit"
      ]
    },
    "brown_candle_carried": {
      "textures": "textures/items/candles/brown_candle"
    },
    "green_candle": {
      "textures": [
        "textures/blocks/candles/green_candle",
        "textures/blocks/candles/green_candle_lit"
      ]
    },
    "green_candle_carried": {
      "textures": "textures/items/candles/green_candle"
    },
    "red_candle": {
      "textures": [
        "textures/blocks/candles/red_candle",
        "textures/blocks/candles/red_candle_lit"
      ]
    },
    "red_candle_carried": {
      "textures": "textures/items/candles/red_candle"
    },
    "black_candle": {
      "textures": [
        "textures/blocks/candles/black_candle",
        "textures/blocks/candles/black_candle_lit"
      ]
    },
    "black_candle_carried": {
      "textures": "textures/items/candles/black_candle"
    },
    "candle_cake": {
      "textures": "textures/blocks/cake"
    },
    "white_candle_cake": {
      "textures": "textures/blocks/cake"
    },
    "yellow_candle_cake": {
      "textures": "textures/blocks/cake"
    },
    "lime_candle_cake": {
      "textures": "textures/blocks/cake"
    },
    "pink_candle_cake": {
      "textures": "textures/blocks/cake"
    },
    "gray_candle_cake": {
      "textures": "textures/blocks/cake"
    },
    "light_gray_candle_cake": {
      "textures": "textures/blocks/cake"
    },
    "cyan_candle_cake": {
      "textures": "textures/blocks/cake"
    },
    "purple_candle_cake": {
      "textures": "textures/blocks/cake"
    },
    "blue_candle_cake": {
      "textures": "textures/blocks/cake"
    },
    "brown_candle_cake": {
      "textures": "textures/blocks/cake"
    },
    "green_candle_cake": {
      "textures": "textures/blocks/cake"
    },
    "red_candle_cake": {
      "textures": "textures/blocks/cake"
    },
    "black_candle_cake": {
      "textures": "textures/blocks/cake"
    }
  }
}
