{
  "piece_id": "05539998-c08b-408f-9211-4f42fd8bebc1",
  "piece_name": "small_skeleton",
  "piece_type": "persona_skeleton",
  "body_variant": "small",
  "geometry_sources": [
    {
      "arm_size": "",
      "geometry": "geometry.small_body"
    },
    {
      "arm_size": "",
      "geometry": "geometry.small_head"
    },
    {
      "arm_size": "wide",
      "geometry": "geometry.small_left_wide_arm"
    },
    {
      "arm_size": "wide",
      "geometry": "geometry.small_right_wide_arm"
    },
    {
      "arm_size": "slim",
      "geometry": "geometry.small_left_slim_arm"
    },
    {
      "arm_size": "slim",
      "geometry": "geometry.small_right_slim_arm"
    },
    {
      "arm_size": "",
      "geometry": "geometry.small_left_leg"
    },
    {
      "arm_size": "",
      "geometry": "geometry.small_right_leg"
    },
    {
      "arm_size": "",
      "geometry": "geometry.small_right_item"
    },
    {
      "arm_size": "",
      "geometry": "geometry.small_left_item"
    },
    {
      "arm_size": "",
      "geometry": "geometry.small_armor"
    },
    {
      "arm_size": "wide",
      "geometry": "geometry.small_armor_wide_arms"
    },
    {
      "arm_size": "slim",
      "geometry": "geometry.small_armor_slim_arms"
    }
  ]
}