{
  "format_version": "1.18.10",
  "minecraft:camera_entity": {
    "description": {
      "identifier": "minecraft:death_camera"
    },
    "components": {
      "minecraft:camera": {
        "field_of_view": 66.0,
        "near_clipping_plane": 0.025,
        "far_clipping_plane": 2500.0
      },
      "minecraft:camera_render_player_model": {},
      "minecraft:camera_attach_to_player": {
        "offset": [ 0.0, 2.0, 5.0 ]
      },
      "minecraft:camera_look_at_player": {
        "soft_bounds": [ 0.0, 0.0, 0.0, 0.0 ],
        "hard_bounds": [ 0.0, 0.0, 0.0, 0.0 ],
        "soft_bounds_smoothing_spring": 64
      },
      "minecraft:death_camera_component": {},
      "minecraft:camera_orbit": {
        "azimuth_smoothing_spring": 0,
        "polar_angle_smoothing_spring": 0,
        "distance_smoothing_spring": 0,
        "polar_angle_min": 60.0,
        "polar_angle_max": 60.0,
        "radius": 8.0
      },
      "minecraft:camera_avoidance": {
        "relax_distance_smoothing_spring": 0.0,
        "distance_constraint_min": 0.25
      },
      "minecraft:update_player_from_camera": {
        "look_mode": "along_camera"
      },
      "minecraft:gameplay_affects_fov": {}
    }
  }
}
