{
  "format_version": "1.18.10",
  "minecraft:camera_entity": {
    "description": {
      "identifier": "minecraft:first_person"
    },
    "components": {
      "minecraft:camera": {
        "field_of_view": 66.0,
        "near_clipping_plane": 0.025,
        "far_clipping_plane": 2500.0
      },
      "minecraft:camera_render_first_person_objects": {},
      "minecraft:camera_blend_in_default": {
        "blend_time": 0.0,
        "camera_from_accepts_input": false,
        "camera_to_accepts_input": false
      },
      "minecraft:camera_attach_to_player": {
        "offset": [ 0.0, 0.0, 0.0 ]
      },
      "minecraft:camera_direct_look": {
        "pitch_min": -89.9,
        "pitch_max": 89.9
      },
      "minecraft:camera_option_activation": {
        "view_mode": "first_person"
      },
      "minecraft:update_player_from_camera": {
        "look_mode": "along_camera"
      },
      "minecraft:camera_sneak_offset": {
        "interpolation_rate": 0.03,
        "offset": -0.35
      },
      "minecraft:camera_player_sleep_vignette": {},
      "minecraft:camera_portal_distortion": {},
      "minecraft:vr_comfort_move": {},
      "minecraft:camera_shake": {
        "frequency": 10.0,
        "amplitude": 5.0,
        "noise_multiplier": 4.0
      },
      "minecraft:camera_liquid_offset": {},
      "minecraft:camera_player_bob": {}
    }
  }
}
