{
  "android": {
    "shadow_config": {
      "file": "shadow_configs/shadow_configuration.android.json"
    },
    "bloom_config": {
      "file": "bloom_configs/bloom_configuration.json"
    }
  },
  "chrome_os": {
    "shadow_config": {
      "file": "shadow_configs/shadow_configuration.json"
    },
    "bloom_config": {
      "file": "bloom_configs/bloom_configuration.json"
    }
  },
  "switch": {
    "shadow_config": {
      "file": "shadow_configs/shadow_configuration.json"
    },
    "bloom_config": {
      "file": "bloom_configs/bloom_configuration.json"
    }
  },
  "xbox_one": {
    "shadow_config": {
      "file": "shadow_configs/shadow_configuration.json"
    },
    "bloom_config": {
      "file": "bloom_configs/bloom_configuration.json"
    }
  },
  "xbox_one_s": {
    "shadow_config": {
      "file": "shadow_configs/shadow_configuration.json"
    },
    "bloom_config": {
      "file": "bloom_configs/bloom_configuration.json"
    }
  },
  "xbox_one_x": {
    "shadow_config": {
      "file": "shadow_configs/shadow_configuration.json"
    },
    "bloom_config": {
      "file": "bloom_configs/bloom_configuration.json"
    }
  },
  "ps4": {
    "shadow_config": {
      "file": "shadow_configs/shadow_configuration.json"
    },
    "bloom_config": {
      "file": "bloom_configs/bloom_configuration.json"
    }
  },
  "ios": {
    "shadow_config": {
      "file": "shadow_configs/shadow_configuration.json"
    },
    "bloom_config": {
      "file": "bloom_configs/bloom_configuration.json"
    }
  },
  "xbox_series_s": {
    "shadow_config": {
      "file": "shadow_configs/shadow_configuration.xbox_series_s.json"
    },
    "bloom_config": {
      "file": "bloom_configs/bloom_configuration.xbox_series_s.json"
    }
  },
  "xbox_series_x": {
    "shadow_config": {
      "file": "shadow_configs/shadow_configuration.xbox_series_x.json"
    },
    "bloom_config": {
      "file": "bloom_configs/bloom_configuration.xbox_series_x.json"
    }
  },
  "pc": {
    "shadow_config": {
      "file": "shadow_configs/shadow_configuration.pc.json"
    },
    "bloom_config": {
      "file": "bloom_configs/bloom_configuration.pc.json"
    }
  }
}
