{
  "piece_id": "b6e896c8-a385-4284-b1f3-94696698d1e8",
  "piece_name": "tall_skeleton",
  "piece_type": "persona_skeleton",
  "body_variant": "tall",
  "geometry_sources":[
    {
      "arm_size": "",
      "geometry": "geometry.tall_body"
    },
    {
      "arm_size": "",
      "geometry": "geometry.tall_head"
    },
    {
      "arm_size": "wide",
      "geometry": "geometry.tall_left_wide_arm"
    },
    {
      "arm_size": "wide",
      "geometry": "geometry.tall_right_wide_arm"
    },
    {
      "arm_size": "slim",
      "geometry": "geometry.tall_left_slim_arm"
    },
    {
      "arm_size": "slim",
      "geometry": "geometry.tall_right_slim_arm"
    },
    {
      "arm_size": "",
      "geometry": "geometry.tall_left_leg"
    },
    {
      "arm_size": "",
      "geometry": "geometry.tall_right_leg"
    },
    {
      "arm_size": "",
      "geometry": "geometry.tall_right_item"
    },
    {
      "arm_size": "",
      "geometry": "geometry.tall_left_item"
    },
    {
      "arm_size": "",
      "geometry": "geometry.tall_armor"
    },
    {
      "arm_size": "wide",
      "geometry": "geometry.tall_armor_wide_arms"
    },
    {
      "arm_size": "slim",
      "geometry": "geometry.tall_armor_slim_arms"
    }
  ]
}