{
	"format_version": "1.10.0",
	"geometry.dolphin": {
		"texturewidth": 64,
		"textureheight": 64,
		"visible_bounds_width": 4,
		"visible_bounds_height": 2.5,
		"visible_bounds_offset": [0, 0.75, 0],
		"bones": [
			{
				"name": "body",
				"pivot": [0, 0, -3]
			},
			{
				"name": "head",
				"parent": "body",
				"pivot": [0, 0, -3],
				"locators": {
					"lead": [0, 0, 0]
				}
			},
			{
				"name": "head2",
				"parent": "head",
				"pivot": [0.5, 1, 0],
				"cubes": [
					{"origin": [-3.5, 4, -9], "size": [7, 3, 6], "uv": [22, 21]}
				]
			},
			{
				"name": "lower_jaw",
				"parent": "head",
				"pivot": [0.5, 4, -3],
				"rotation": [7.5, 0, 0],
				"cubes": [
					{"origin": [-3, 0.97819, -8.50048], "size": [6, 3, 6], "uv": [30, 0]}
				]
			},
			{
				"name": "tail",
				"parent": "body",
				"pivot": [0, 2.5, 11]
			},
			{
				"name": "tail2",
				"parent": "tail",
				"pivot": [0, 2, 11],
				"cubes": [
					{"origin": [-2.5, 1, 10], "size": [5, 6, 11], "uv": [0, 21]}
				]
			},
			{
				"name": "tail_fin",
				"parent": "tail",
				"pivot": [0, 2.5, 20]
			},
			{
				"name": "tail_fin2",
				"parent": "tail_fin",
				"pivot": [0, 5, 11],
				"cubes": [
					{"origin": [-0.5, 0, 18], "size": [1, 10, 6], "uv": [27, 33]}
				]
			},
			{
				"name": "back_fin",
				"parent": "body",
				"pivot": [0, 5, 2],
				"rotation": [-30, 0, 0]
			},
			{
				"name": "back_fin2",
				"parent": "back_fin",
				"pivot": [0, 5, 1.5],
				"cubes": [
					{"origin": [-0.5, 5, -1], "size": [1, 4, 5], "uv": [0, 0]}
				]
			},
			{
				"name": "left_fin",
				"parent": "body",
				"pivot": [4, 1, 0],
				"rotation": [-90, 0, -90],
				"cubes": [
					{"origin": [3.5, -1, -1], "size": [1, 4, 7], "uv": [42, 24]}
				]
			},
			{
				"name": "right_fin",
				"parent": "body",
				"pivot": [-4, 3, -2],
				"rotation": [-90, 0, 90],
				"cubes": [
					{"origin": [-2.5, 3, -3], "size": [1, 4, 7], "uv": [42, 24]}
				]
			},
			{
				"name": "shark",
				"parent": "body",
				"pivot": [0, 0, -3],
				"cubes": [
					{"origin": [-4, 0, -3], "size": [8, 7, 13], "uv": [0, 0]}
				]
			}
		]
	}
}