{
	"format_version": "1.12.0",
	"minecraft:geometry": [
		{
			"description": {
				"identifier": "geometry.wolf_tame",
				"texture_width": 116,
				"texture_height": 32,
				"visible_bounds_width": 3,
				"visible_bounds_height": 2.5,
				"visible_bounds_offset": [0, 0.75, 0]
			},
			"bones": [
				{
					"name": "root",
					"pivot": [0, 0, 0]
				},
				{
					"name": "upperBody",
					"parent": "root",
					"pivot": [-1, 10, -3],
					"rotation": [90, 0, 0],
					"cubes": [
						{"origin": [-4, 7, -7], "size": [8, 6, 8], "uv": [47, 14]}
					]
				},
				{
					"name": "strap",
					"parent": "upperBody",
					"pivot": [0, 0, 0],
					"cubes": [
						{"origin": [-4, 13, -3], "size": [1, 1, 4], "uv": [29, 27]},
						{"origin": [3, 13, -3], "size": [1, 1, 4], "uv": [29, 27]},
						{"origin": [1, 13, -4], "size": [2, 1, 1], "uv": [32, 30]},
						{"origin": [-1, 13, -5], "size": [2, 1, 1], "uv": [32, 30]},
						{"origin": [-4, 12, 1], "size": [1, 1, 1], "uv": [32, 30]},
						{"origin": [3, 12, 1], "size": [1, 1, 1], "uv": [32, 30]},
						{"origin": [-3, 13, -4], "size": [2, 1, 1], "uv": [32, 30]},
						{"origin": [-3, 11, 1], "size": [6, 1, 1], "uv": [27, 30]}
					]
				},
				{
					"name": "head",
					"parent": "upperBody",
					"pivot": [0, 14.7725, 0.99875],
					"rotation": [-90, 0, 0],
					"cubes": [
						{"origin": [-3, 11.5, -1.25], "size": [6, 6, 5], "uv": [38, 0]},
						{"origin": [-4, 11.5, -0.25], "size": [1, 4, 2], "uv": [66, 5]},
						{"origin": [-5, 10.48, 0.3], "size": [10, 10, 0], "uv": [26, 12]},
						{"origin": [3, 11.5, -0.25], "size": [1, 4, 2], "uv": [66, 5]}
					]
				},
				{
					"name": "eyelid_tame",
					"parent": "head",
					"pivot": [0, 14.7725, -1.00125],
					"cubes": [
						{"origin": [-1.95, 14.8, -1.27], "size": [1, 1, 1], "inflate": 0.05, "uv": [77, 0]},
						{"origin": [0.95, 14.8, -1.27], "size": [1, 1, 1], "inflate": 0.05, "uv": [77, 0]},
						{"origin": [1.7, 14.8, -1.26], "size": [1, 1, 1], "uv": [81, 0]},
						{"origin": [-2.7, 14.8, -1.26], "size": [1, 1, 1], "uv": [81, 0]}
					]
				},
				{
					"name": "left_ear",
					"parent": "head",
					"pivot": [2.5, 17.735, 0.25],
					"rotation": [-0.96474, 7.51823, 9.68367],
					"mirror": true,
					"cubes": [
						{"origin": [0.96059, 16.23582, -0.20174], "size": [3, 4, 1], "inflate": -0.01, "uv": [69, 0]},
						{"origin": [1.96059, 20.20582, -0.20174], "size": [1, 1, 1], "inflate": -0.01, "uv": [55, 2]}
					]
				},
				{
					"name": "right_ear",
					"parent": "head",
					"pivot": [-2.5, 17.735, 0.25],
					"rotation": [-0.96474, -7.51823, -9.68367],
					"cubes": [
						{"origin": [-3.96059, 16.23582, -0.20174], "size": [3, 4, 1], "inflate": -0.01, "uv": [69, 0]},
						{"origin": [-2.96059, 20.20582, -0.20174], "size": [1, 1, 1], "inflate": -0.01, "uv": [55, 2]}
					]
				},
				{
					"name": "mond15",
					"parent": "head",
					"pivot": [0, 13.55375, -3.225],
					"rotation": [10, 0, 0],
					"cubes": [
						{"origin": [-1.5, 12.42614, -4.60344], "size": [3, 2, 4], "inflate": -0.01, "uv": [56, 7]}
					]
				},
				{
					"name": "neus",
					"parent": "mond15",
					"pivot": [0, 14.46, -4.55],
					"rotation": [2.5, 0, 0],
					"cubes": [
						{"origin": [-1.5, 12.329, -5.74806], "size": [3, 3, 3], "inflate": -0.9, "uv": [2, 3]}
					]
				},
				{
					"name": "bone117",
					"parent": "head",
					"pivot": [0, 14.95496, -1.74102],
					"rotation": [30, 0, 0],
					"cubes": [
						{"origin": [-1, 14.13175, -2.98121], "size": [2, 1, 2], "inflate": -0.1, "uv": [75, 3]}
					]
				},
				{
					"name": "jaw",
					"parent": "head",
					"pivot": [0, 13.5, 0.5],
					"rotation": [25, 0, 0],
					"cubes": [
						{"origin": [-1.5, 12.59542, -4.4202], "size": [3, 1, 4], "inflate": -0.03, "uv": [2, 11]},
						{"origin": [-1.5, 12.89542, -4.4202], "size": [3, 1, 4], "inflate": -0.05, "uv": [3, 25]},
						{"origin": [-1.5, 12.21205, -4.39758], "size": [3, 1, 4], "inflate": -0.05, "uv": [55, 0]}
					]
				},
				{
					"name": "tongue",
					"parent": "jaw",
					"pivot": [0, 13.5, -1.5],
					"cubes": [
						{"origin": [-1.44736, 13.21974, -5.83675], "size": [3, 1, 4], "inflate": -0.35, "uv": [33, 22]}
					]
				},
				{
					"name": "leg2",
					"parent": "upperBody",
					"pivot": [-1.5, 11, -5],
					"rotation": [-90, 0, 0],
					"cubes": [
						{"origin": [-2.5, 6.25, -6], "size": [2, 5, 2], "inflate": 0.2, "uv": [17, 22]}
					]
				},
				{
					"name": "knee2",
					"parent": "leg2",
					"pivot": [-1.5, 7, -6],
					"cubes": [
						{
							"origin": [-2.5, 3.25, -6],
							"size": [2, 3, 2],
							"inflate": 0.2,
							"uv": {
								"north": {"uv": [19, 29], "uv_size": [2, 3]},
								"east": {"uv": [17, 29], "uv_size": [2, 3]},
								"south": {"uv": [23, 29], "uv_size": [2, 3]},
								"west": {"uv": [21, 29], "uv_size": [2, 3]},
								"up": {"uv": [19, 22], "uv_size": [2, 2]},
								"down": {"uv": [21, 24], "uv_size": [2, -2]}
							}
						}
					]
				},
				{
					"name": "leg3",
					"parent": "upperBody",
					"pivot": [1.5, 11, -5],
					"rotation": [-90, 0, 0],
					"cubes": [
						{"origin": [0.5, 6.25, -6], "size": [2, 5, 2], "inflate": 0.2, "uv": [17, 22]}
					]
				},
				{
					"name": "knee3",
					"parent": "leg3",
					"pivot": [1.5, 7, -6],
					"cubes": [
						{
							"origin": [0.5, 3.25, -6],
							"size": [2, 3, 2],
							"inflate": 0.2,
							"uv": {
								"north": {"uv": [19, 29], "uv_size": [2, 3]},
								"east": {"uv": [17, 29], "uv_size": [2, 3]},
								"south": {"uv": [23, 29], "uv_size": [2, 3]},
								"west": {"uv": [21, 29], "uv_size": [2, 3]},
								"up": {"uv": [19, 22], "uv_size": [2, 2]},
								"down": {"uv": [21, 24], "uv_size": [2, -2]}
							}
						}
					]
				},
				{
					"name": "body",
					"parent": "root",
					"pivot": [0, 12, 1],
					"cubes": [
						{"origin": [-3.5, 6, -0.75], "size": [7, 8, 9], "uv": [75, 5]}
					]
				},
				{
					"name": "leg0",
					"parent": "root",
					"pivot": [-1.5, 8, 7],
					"cubes": [
						{"origin": [-2.5, 3.25, 6], "size": [2, 5, 2], "inflate": 0.2, "uv": [18, 2]}
					]
				},
				{
					"name": "knee",
					"parent": "leg0",
					"pivot": [-1.5, 4, 6],
					"cubes": [
						{
							"origin": [-2.5, 0.25, 6],
							"size": [2, 3, 2],
							"inflate": 0.2,
							"uv": {
								"north": {"uv": [20, 9], "uv_size": [2, 3]},
								"east": {"uv": [18, 9], "uv_size": [2, 3]},
								"south": {"uv": [24, 9], "uv_size": [2, 3]},
								"west": {"uv": [22, 9], "uv_size": [2, 3]},
								"up": {"uv": [20, 2], "uv_size": [2, 2]},
								"down": {"uv": [22, 4], "uv_size": [2, -2]}
							}
						}
					]
				},
				{
					"name": "leg1",
					"parent": "root",
					"pivot": [1.5, 8, 7],
					"cubes": [
						{"origin": [0.5, 3.25, 6], "size": [2, 5, 2], "inflate": 0.2, "uv": [18, 2]}
					]
				},
				{
					"name": "knee1",
					"parent": "leg1",
					"pivot": [1.5, 4, 6],
					"cubes": [
						{
							"origin": [0.5, 0.25, 6],
							"size": [2, 3, 2],
							"inflate": 0.2,
							"uv": {
								"north": {"uv": [20, 9], "uv_size": [2, 3]},
								"east": {"uv": [18, 9], "uv_size": [2, 3]},
								"south": {"uv": [24, 9], "uv_size": [2, 3]},
								"west": {"uv": [22, 9], "uv_size": [2, 3]},
								"up": {"uv": [20, 2], "uv_size": [2, 2]},
								"down": {"uv": [22, 4], "uv_size": [2, -2]}
							}
						}
					]
				},
				{
					"name": "tail",
					"parent": "root",
					"pivot": [0, 12, 7],
					"rotation": [50, 0, 0],
					"cubes": [
						{"origin": [-1.5, 7.89092, 5.58768], "size": [3, 4, 3], "uv": [98, 2]},
						{"origin": [-1.5, 7.89092, 2.58768], "size": [3, 4, 3], "uv": [104, 19]}
					]
				},
				{
					"name": "segment",
					"parent": "tail",
					"pivot": [0, 8, 7],
					"cubes": [
						{
							"origin": [-1.5, 2.89092, 5.58768],
							"size": [3, 5, 3],
							"uv": {
								"north": {"uv": [101, 9], "uv_size": [3, 5]},
								"east": {"uv": [98, 9], "uv_size": [3, 5]},
								"south": {"uv": [107, 9], "uv_size": [3, 5]},
								"west": {"uv": [104, 9], "uv_size": [3, 5]},
								"up": {"uv": [101, 2], "uv_size": [3, 3]},
								"down": {"uv": [104, 5], "uv_size": [3, -3]}
							}
						},
						{
							"origin": [-1.5, 2.89092, 2.58768],
							"size": [3, 5, 3],
							"uv": {
								"north": {"uv": [107, 26], "uv_size": [3, 5]},
								"east": {"uv": [104, 26], "uv_size": [3, 5]},
								"south": {"uv": [113, 26], "uv_size": [3, 5]},
								"west": {"uv": [110, 26], "uv_size": [3, 5]},
								"up": {"uv": [107, 19], "uv_size": [3, 3]},
								"down": {"uv": [110, 22], "uv_size": [3, -3]}
							}
						}
					]
				}
			]
		}
	]
}