{
	"format_version": "1.12.0",
	"minecraft:geometry": [
		{
			"description": {
				"identifier": "geometry.wolf",
				"texture_width": 83,
				"texture_height": 32,
				"visible_bounds_width": 4,
				"visible_bounds_height": 3.5,
				"visible_bounds_offset": [0, 1.25, 0]
			},
			"bones": [
				{
					"name": "root",
					"pivot": [0, 0, 0]
				},
				{
					"name": "upperBody",
					"parent": "root",
					"pivot": [0, 12, -3]
				},
				{
					"name": "Nieuwwolf3",
					"parent": "upperBody",
					"pivot": [0, 7.5, -0.5],
					"rotation": [90, 0, 0],
					"cubes": [
						{"origin": [-4, 7, -0.6], "size": [8, 6, 7], "inflate": 0.4, "uv": [36, 19]}
					]
				},
				{
					"name": "head",
					"parent": "upperBody",
					"pivot": [1, 13.3, -8.25],
					"cubes": [
						{"origin": [-3, 10.05, -11], "size": [6, 6, 6], "uv": [20, 0]},
						{"origin": [2.95, 10.1501, -10.05], "size": [1, 5, 4], "uv": [26, 23]},
						{"origin": [2.74, 11.04, -9.001], "size": [1, 5, 4], "uv": [26, 23]},
						{"origin": [3.7, 11.15, -9.45], "size": [1, 2, 3], "uv": [0, 10]},
						{"origin": [-4.7, 11.15, -9.45], "size": [1, 2, 3], "uv": [0, 10]},
						{"origin": [-3.95, 10.1501, -10.05], "size": [1, 5, 4], "uv": [26, 23]},
						{"origin": [-3.74, 11.04, -9.001], "size": [1, 5, 4], "uv": [26, 23]}
					]
				},
				{
					"name": "bone149",
					"parent": "head",
					"pivot": [-0.5, 11.7, 1.55],
					"rotation": [12.5, 0, 0],
					"cubes": [
						{"origin": [-2.5, 18.39099, -9.26122], "size": [5, 0, 6], "uv": [18, 15]}
					]
				},
				{
					"name": "right_ear",
					"parent": "head",
					"pivot": [-2.2, 15.8, -8.35],
					"rotation": [0, 25, -2],
					"cubes": [
						{"origin": [-3.4032, 15.67693, -8.7011], "size": [2, 2, 1], "inflate": 0.2, "uv": [38, 3]},
						{"origin": [-3.34785, 15.67693, -9.09144], "size": [2, 2, 1], "inflate": -0.1, "uv": [55, 0]},
						{"origin": [-2.8892, 17.36194, -9.08628], "size": [1, 1, 1], "inflate": -0.1, "uv": [0, 20]},
						{"origin": [-2.91366, 17.37712, -8.70828], "size": [1, 1, 1], "inflate": 0.19, "uv": [38, 0]}
					]
				},
				{
					"name": "left_ear",
					"parent": "head",
					"pivot": [2.7, 15.8, -8.15],
					"rotation": [0, -25, 2],
					"cubes": [
						{"origin": [1.9094, 17.34663, -8.8367], "size": [1, 1, 1], "inflate": -0.1, "uv": [0, 20]},
						{"origin": [1.89918, 17.35391, -8.4597], "size": [1, 1, 1], "inflate": 0.19, "uv": [38, 0]}
					]
				},
				{
					"name": "head_sub_103",
					"parent": "left_ear",
					"pivot": [3.71161, 4.702, 0.2053],
					"mirror": true,
					"cubes": [
						{"origin": [1.37927, 15.65387, -8.45087], "size": [2, 2, 1], "inflate": 0.2, "uv": [38, 3]},
						{"origin": [1.38462, 15.65387, -8.84122], "size": [2, 2, 1], "inflate": -0.1, "uv": [55, 0]}
					]
				},
				{
					"name": "mond2",
					"parent": "head",
					"pivot": [0, 4.2, -0.85],
					"rotation": [4.5, 0, 0],
					"cubes": [
						{"origin": [-1.5, 11.85904, -13.83274], "size": [3, 2, 5], "inflate": -0.1, "uv": [44, 0]}
					]
				},
				{
					"name": "bone4",
					"parent": "mond2",
					"pivot": [0, 13.26201, -13.27702],
					"rotation": [-2, 0, 0],
					"cubes": [
						{"origin": [-1, 12.16211, -14.28138], "size": [2, 2, 2], "inflate": -0.35, "uv": [8, 20]}
					]
				},
				{
					"name": "bone39",
					"parent": "head",
					"pivot": [-1, 13.95, 3.8],
					"rotation": [35, 0, 0]
				},
				{
					"name": "bone148",
					"parent": "bone39",
					"pivot": [0, 21.24147, -8.68062],
					"rotation": [32.5, 0, 0],
					"cubes": [
						{"origin": [-0.5, 20.2032, -10.27301], "size": [1, 2, 3], "inflate": 0.05, "uv": [66, 3]}
					]
				},
				{
					"name": "eyelid_wild",
					"parent": "head",
					"pivot": [0, 14, -11],
					"cubes": [
						{"origin": [1.42611, 13.29115, -11.01], "size": [1, 1, 1], "uv": [45, 3]},
						{"origin": [0.76738, 13.29114, -11.02], "size": [1, 1, 1], "inflate": 0.01, "uv": [22, 2]},
						{"origin": [-1.76591, 13.29121, -11.02], "size": [1, 1, 1], "inflate": 0.01, "uv": [22, 2], "mirror": true},
						{"origin": [-2.42463, 13.29122, -11.01], "size": [1, 1, 1], "uv": [45, 3], "mirror": true}
					]
				},
				{
					"name": "jaw",
					"parent": "head",
					"pivot": [0, 12.2, -8.85],
					"rotation": [17, 0, 0],
					"cubes": [
						{
							"origin": [-1.5, 11.00299, -14.64456],
							"size": [3, 1, 5],
							"inflate": -0.15,
							"uv": {
								"north": {"uv": [71, 31], "uv_size": [3, 1]},
								"east": {"uv": [66, 31], "uv_size": [5, 1]},
								"south": {"uv": [79, 31], "uv_size": [3, 1]},
								"west": {"uv": [74, 31], "uv_size": [5, 1]},
								"up": {"uv": [74, 26], "uv_size": [3, 5]},
								"down": {"uv": [74, 31], "uv_size": [3, -5]}
							}
						},
						{"origin": [-1.5, 10.45152, -14.63844], "size": [3, 1, 5], "inflate": -0.25, "uv": [55, 3]}
					]
				},
				{
					"name": "tongue",
					"parent": "jaw",
					"pivot": [0, 11.83607, -11.2],
					"cubes": [
						{"origin": [-1.44736, 11.65, -15.5], "size": [3, 1, 6], "inflate": -0.35, "uv": [2, 0]}
					]
				},
				{
					"name": "leg2",
					"parent": "upperBody",
					"pivot": [-1.5, 7, -4],
					"cubes": [
						{"origin": [-2.5, 3.1, -5], "size": [2, 5, 2], "inflate": 0.1, "uv": [44, 9]}
					]
				},
				{
					"name": "knee2",
					"parent": "leg2",
					"pivot": [-1.5, 4, -4],
					"cubes": [
						{
							"origin": [-2.5, 0.1, -5],
							"size": [2, 3, 2],
							"inflate": 0.1,
							"uv": {
								"north": {"uv": [46, 16], "uv_size": [2, 3]},
								"east": {"uv": [44, 16], "uv_size": [2, 3]},
								"south": {"uv": [50, 16], "uv_size": [2, 3]},
								"west": {"uv": [48, 16], "uv_size": [2, 3]},
								"up": {"uv": [46, 9], "uv_size": [2, 2]},
								"down": {"uv": [48, 11], "uv_size": [2, -2]}
							}
						}
					]
				},
				{
					"name": "leg3",
					"parent": "upperBody",
					"pivot": [1.5, 7, -4],
					"cubes": [
						{"origin": [0.5, 3.1, -5], "size": [2, 5, 2], "inflate": 0.1, "uv": [44, 9]}
					]
				},
				{
					"name": "knee3",
					"parent": "leg3",
					"pivot": [1.5, 4, -4],
					"cubes": [
						{
							"origin": [0.5, 0.1, -5],
							"size": [2, 3, 2],
							"inflate": 0.1,
							"uv": {
								"north": {"uv": [46, 16], "uv_size": [2, 3]},
								"east": {"uv": [44, 16], "uv_size": [2, 3]},
								"south": {"uv": [50, 16], "uv_size": [2, 3]},
								"west": {"uv": [48, 16], "uv_size": [2, 3]},
								"up": {"uv": [46, 9], "uv_size": [2, 2]},
								"down": {"uv": [48, 11], "uv_size": [2, -2]}
							}
						}
					]
				},
				{
					"name": "body",
					"parent": "root",
					"pivot": [0, 11, -1],
					"rotation": [90, 0, 0],
					"cubes": [
						{"origin": [-3, 0.85, -4.1], "size": [6, 9, 6], "inflate": 0.4, "uv": [59, 11]}
					]
				},
				{
					"name": "leg0",
					"parent": "root",
					"pivot": [-1.5, 8, 8],
					"cubes": [
						{"origin": [-2.5, 3.1, 6.8], "size": [2, 5, 2], "inflate": 0.1, "uv": [44, 9]}
					]
				},
				{
					"name": "knee",
					"parent": "leg0",
					"pivot": [-1.5, 4, 8],
					"cubes": [
						{
							"origin": [-2.5, 0.1, 6.8],
							"size": [2, 3, 2],
							"inflate": 0.1,
							"uv": {
								"north": {"uv": [46, 16], "uv_size": [2, 3]},
								"east": {"uv": [44, 16], "uv_size": [2, 3]},
								"south": {"uv": [50, 16], "uv_size": [2, 3]},
								"west": {"uv": [48, 16], "uv_size": [2, 3]},
								"up": {"uv": [46, 9], "uv_size": [2, 2]},
								"down": {"uv": [48, 11], "uv_size": [2, -2]}
							}
						}
					]
				},
				{
					"name": "leg1",
					"parent": "root",
					"pivot": [1.5, 8, 8],
					"cubes": [
						{"origin": [0.5, 3.1, 6.8], "size": [2, 5, 2], "inflate": 0.1, "uv": [44, 9]}
					]
				},
				{
					"name": "knee1",
					"parent": "leg1",
					"pivot": [1.5, 4, 8],
					"cubes": [
						{
							"origin": [0.5, 0.1, 6.8],
							"size": [2, 3, 2],
							"inflate": 0.1,
							"uv": {
								"north": {"uv": [46, 16], "uv_size": [2, 3]},
								"east": {"uv": [44, 16], "uv_size": [2, 3]},
								"south": {"uv": [50, 16], "uv_size": [2, 3]},
								"west": {"uv": [48, 16], "uv_size": [2, 3]},
								"up": {"uv": [46, 9], "uv_size": [2, 2]},
								"down": {"uv": [48, 11], "uv_size": [2, -2]}
							}
						}
					]
				},
				{
					"name": "tail",
					"parent": "root",
					"pivot": [0, 13, 8],
					"cubes": [
						{"origin": [-1, 8.51931, 7.30609], "size": [2, 4, 2], "inflate": 0.2, "pivot": [0, 13, 8], "rotation": [32.5, 0, 0], "uv": [0, 22]}
					]
				},
				{
					"name": "segment",
					"parent": "tail",
					"pivot": [0, 9, 11],
					"cubes": [
						{
							"origin": [-1, 4.51931, 7.30609],
							"size": [2, 4, 2],
							"inflate": 0.2,
							"pivot": [0, 13, 8],
							"rotation": [32.5, 0, 0],
							"uv": {
								"north": {"uv": [2, 28], "uv_size": [2, 4]},
								"east": {"uv": [0, 28], "uv_size": [2, 4]},
								"south": {"uv": [6, 28], "uv_size": [2, 4]},
								"west": {"uv": [4, 28], "uv_size": [2, 4]},
								"up": {"uv": [2, 22], "uv_size": [2, 2]},
								"down": {"uv": [4, 24], "uv_size": [2, -2]}
							}
						}
					]
				}
			]
		}
	]
}