{
  "low": {
    "cascade_bias": [ 0.0, 0.0, 0.0, 0.0 ],
    "cascade_slope_bias": [ 0.0004, 0.0015, 0.0015, 0.0015 ],
    "cascade_resolution": [ 512, 512, 512, 512 ],
    "num_cascade_levels": 1,
    "num_variable_cascade_levels": 0,
    "shadow_range": {
      "near": 0.025,
      "far": 200.0
    },
    "max_shadow_distance": 128.0,
    "cascade_range": [ 0.25, 0.75, 1.0, 1.0 ],
    "cascade_pcf_width": [ 2.0, 2.0, 2.0, 2.0 ],
    "shadow_clamp_angle": 30,
    "cloud_shadow_contribution": 0.5,
    "sun_shadows": true,
    "moon_shadows": true,
    "cloud_shadows": false
  },
  "medium": {
    "cascade_bias": [ 0.0, 0.0, 0.0, 0.0 ],
    "cascade_slope_bias": [ 0.0004, 0.0008, 0.0015, 0.0015 ],
    "cascade_resolution": [ 2048, 1024, 1024, 1024 ],
    "num_cascade_levels": 2,
    "num_variable_cascade_levels": 1,
    "shadow_range": {
      "near": 0.025,
      "far": 128.0
    },
    "max_shadow_distance": 200.0,
    "cascade_range": [ 0.25, 0.5, 1.0, 1.0 ],
    "cascade_pcf_width": [ 2.0, 2.0, 2.0, 2.0 ],
    "shadow_clamp_angle": 30,
    "cloud_shadow_contribution": 0.5,
    "sun_shadows": true,
    "moon_shadows": true,
    "cloud_shadows": false
  },
  "high": {
    "cascade_bias": [ 0.0, 0.0, 0.0, 0.0 ],
    "cascade_slope_bias": [ 0.0004, 0.0008, 0.0015, 0.0015 ],
    "cascade_resolution": [ 2048, 2048, 1024, 1024 ],
    "num_cascade_levels": 3,
    "num_variable_cascade_levels": 1,
    "shadow_range": {
      "near": 0.025,
      "far": 128.0
    },
    "max_shadow_distance": 200.0,
    "cascade_range": [ 0.1666, 0.3333, 1.0, 1.0 ],
    "cascade_pcf_width": [ 4.0, 4.0, 4.0, 4.0 ],
    "shadow_clamp_angle": 30,
    "cloud_shadow_contribution": 0.5,
    "sun_shadows": true,
    "moon_shadows": true,
    "cloud_shadows": false
  },
  "ultra": {
    "cascade_bias": [ 0.0, 0.0, 0.0, 0.0 ],
    "cascade_slope_bias": [ 0.0004, 0.0008, 0.0015, 0.0015 ],
    "cascade_resolution": [ 2048, 2048, 2048, 2048 ],
    "num_cascade_levels": 4,
    "num_variable_cascade_levels": 2,
    "shadow_range": {
      "near": 0.025,
      "far": 128.0
    },
    "max_shadow_distance": 200.0,
    "cascade_range": [ 0.1666, 0.3333, 0.5, 1.0 ],
    "cascade_pcf_width": [ 4.0, 4.0, 4.0, 4.0 ],
    "shadow_clamp_angle": 30,
    "cloud_shadow_contribution": 0.5,
    "sun_shadows": true,
    "moon_shadows": true,
    "cloud_shadows": true
  }
}
