{
  "format_version": "1.8.0",
  "minecraft:client_entity": {
    "description": {
      "identifier": "minecraft:decorated_pot",
      "textures": {
        "brick": "textures/blocks/decorated_pot_side",
        "archer_pottery_shard": "textures/blocks/archer_pottery_shard",
        "prize_pottery_shard": "textures/blocks/prize_pottery_shard",
        "arms_up_pottery_shard": "textures/blocks/arms_up_pottery_shard",
        "skull_pottery_shard": "textures/blocks/skull_pottery_shard"
      }
    }
  }
}
