{
	"format_version": "1.10.0",
	"geometry.cow.v1.8": {
		"texturewidth": 64,
		"textureheight": 64,
		"visible_bounds_width": 3,
		"visible_bounds_height": 3.125,
		"visible_bounds_offset": [0, 1.4375, 0],
		"bones": [
			{
				"name": "body",
				"pivot": [0, 19, 2]
			},
			{
				"name": "head",
				"parent": "body",
				"pivot": [0, 22, -8],
				"locators": {
					"lead": [0, 20, -8]
				}
			},
			{
				"name": "head2",
				"parent": "head",
				"pivot": [0, 21, -8.5],
				"mirror": true
			},
			{
				"name": "head3",
				"parent": "head2",
				"pivot": [0, 0, 0],
				"mirror": true,
				"cubes": [
					{"origin": [-4, 19, -15], "size": [8, 8, 7], "uv": [0, 0]},
					{"origin": [4, 25, -12], "size": [1, 4, 1], "uv": [47, 0]},
					{"origin": [-5, 25, -12], "size": [1, 4, 1], "uv": [43, 0]}
				]
			},
			{
				"name": "left_ear",
				"parent": "head3",
				"pivot": [6, 23.5, -12.5],
				"rotation": [0, 0, 15],
				"cubes": [
					{"origin": [4, 22, -13], "size": [4, 3, 1], "uv": [33, 0]}
				]
			},
			{
				"name": "right_ear",
				"parent": "head3",
				"pivot": [-6, 23.5, -12.5],
				"rotation": [0, 0, -15],
				"cubes": [
					{"origin": [-8, 22, -13], "size": [4, 3, 1], "uv": [23, 0]}
				]
			},
			{
				"name": "snout",
				"parent": "head3",
				"pivot": [0, 20.5, -15],
				"rotation": [15, 0, 0],
				"cubes": [
					{"origin": [-3, 17.94118, -18.33407], "size": [6, 5, 9], "uv": [0, 15]}
				]
			},
			{
				"name": "leg0",
				"parent": "body",
				"pivot": [-4, 12, 7],
				"cubes": [
					{"origin": [-6, 0, 5], "size": [4, 12, 4], "uv": [16, 48]}
				]
			},
			{
				"name": "leg1",
				"parent": "body",
				"pivot": [4, 12, 7],
				"mirror": true,
				"cubes": [
					{"origin": [2, 0, 5], "size": [4, 12, 4], "uv": [0, 48]}
				]
			},
			{
				"name": "leg2",
				"parent": "body",
				"pivot": [-4, 12, -6],
				"cubes": [
					{"origin": [-6, 0, -7], "size": [4, 12, 4], "uv": [48, 48]}
				]
			},
			{
				"name": "leg3",
				"parent": "body",
				"pivot": [4, 12, -6],
				"mirror": true,
				"cubes": [
					{"origin": [2, 0, -7], "size": [4, 12, 4], "uv": [32, 48]}
				]
			},
			{
				"name": "body2",
				"parent": "body",
				"pivot": [0, 19, 2],
				"rotation": [90, 0, 0],
				"mirror": true,
				"cubes": [
					{"origin": [-6, 11, -5], "size": [12, 18, 11], "uv": [18, 19]},
					{"origin": [-3, 11, -7], "size": [6, 6, 2], "uv": [4, 40]}
				]
			},
			{
				"name": "neck",
				"parent": "body2",
				"pivot": [0, 29.5, 1.5],
				"rotation": [-45, 0, 0],
				"cubes": [
					{"origin": [-2.5, 26.5, -0.99], "size": [5, 9, 6], "uv": [30, 4]}
				]
			},
			{
				"name": "tail",
				"parent": "body2",
				"pivot": [0, 12, 5],
				"rotation": [-80, 0, 0],
				"cubes": [
					{"origin": [-0.5, 12, 6], "size": [1, 0, 1], "uv": [58, 18]}
				]
			},
			{
				"name": "tail_0",
				"parent": "tail",
				"pivot": [1.5, 18, 4],
				"rotation": [0, 180, 0],
				"cubes": [
					{"origin": [1.5, 0, 1], "size": [3, 12, 0], "uv": [58, 18]},
					{"origin": [2.5, 0, 0], "size": [0, 12, 3], "uv": [58, 15]}
				]
			},
			{
				"name": "tail_1",
				"parent": "tail",
				"pivot": [1.5, 18, 4],
				"cubes": [
					{"origin": [-1.5, 0, 6], "size": [3, 12, 0], "uv": [58, 18]},
					{"origin": [-0.5, 0, 5], "size": [0, 12, 3], "uv": [58, 15]}
				]
			},
			{
				"name": "wave",
				"parent": "body2",
				"pivot": [0, 0, 0]
			},
			{
				"name": "random",
				"parent": "body2",
				"pivot": [0, 0, 0]
			}
		]
	}
}