{
  "piece_id": "142782c6-93bb-4e5a-af32-df6cd4164dca",
  "piece_name": "smaller_skeleton",
  "piece_type": "persona_skeleton",
  "body_variant": "smaller",
  "geometry_sources":[
    {
      "arm_size": "",
      "geometry": "geometry.smaller_body"
    },
    {
      "arm_size": "",
      "geometry": "geometry.smaller_head"
    },
    {
      "arm_size": "wide",
      "geometry": "geometry.smaller_left_wide_arm"
    },
    {
      "arm_size": "wide",
      "geometry": "geometry.smaller_right_wide_arm"
    },
    {
      "arm_size": "slim",
      "geometry": "geometry.smaller_left_slim_arm"
    },
    {
      "arm_size": "slim",
      "geometry": "geometry.smaller_right_slim_arm"
    },
    {
      "arm_size": "",
      "geometry": "geometry.smaller_left_leg"
    },
    {
      "arm_size": "",
      "geometry": "geometry.smaller_right_leg"
    },
    {
      "arm_size": "",
      "geometry": "geometry.smaller_right_item"
    },
    {
      "arm_size": "",
      "geometry": "geometry.smaller_left_item"
    },
    {
      "arm_size": "",
      "geometry": "geometry.smaller_armor"
    },
    {
      "arm_size": "wide",
      "geometry": "geometry.smaller_armor_wide_arms"
    },
    {
      "arm_size": "slim",
      "geometry": "geometry.smaller_armor_slim_arms"
    }
  ]
}