{
	"format_version": "1.8.0",
	"animations": {
		"animation.horse.v3.baby_transform": {
			"loop": true,
			"bones": {
				"body": {
					"position": [0, "11 * ((0.0625 - query.model_scale) * 16.0)", 0]
				},
				"head": {
					"scale": "1.0 + 0.5 * (1.0 - (query.model_scale * 16.0))"
				},
				"legbl": {
					"scale": [1, "1.0 + ((0.0625 - query.model_scale) * 16.0)", 1]
				},
				"legbr": {
					"scale": [1, "1.0 + ((0.0625 - query.model_scale) * 16.0)", 1]
				},
				"legfl": {
					"scale": [1, "1.0 + ((0.0625 - query.model_scale) * 16.0)", 1]
				},
				"legfr": {
					"scale": [1, "1.0 + ((0.0625 - query.model_scale) * 16.0)", 1]
				}
			}
		},
		"animation.horse.v3.eat": {
			"loop": true,
			"bones": {
				"neck": {
					"rotation": ["variable.eat_anim * (110.0 + math.sin((query.life_time * 20.0) * 57.3) * 2.86)", 0, 0]
				}
			}
		},
		"animation.horse.v3.look_at_player": {
			"loop": true,
			"bones": {
				"neck": {
					"rotation": ["variable.head_x_rot", "(variable.stand_anim + variable.inverse_max_stand_eat) * query.head_y_rotation(20)", 0]
				}
			}
		},
		"animation.horse.v3.rear": {
			"loop": true,
			"bones": {
				"Body": {
					"rotation": ["-45.0 * variable.stand_anim", 0, 0]
				},
				"LegBL": {
					"rotation": ["45.0 * variable.stand_anim", 0, 0]
				},
				"LegBR": {
					"rotation": ["45.0 * variable.stand_anim", 0, 0]
				},
				"LegFL": {
					"rotation": ["(-60.0 + math.cos((query.life_time * 20.0) * 34.38) * 57.3) * variable.stand_anim", 0, 0]
				},
				"LegFR": {
					"rotation": ["(-60.0 - math.cos((query.life_time * 20.0) * 34.38) * 57.3) * variable.stand_anim", 0, 0]
				},
				"Neck": {
					"rotation": ["(15.0 + variable.head_x_rot) * variable.stand_anim", 0, 0]
				},
				"Tail": {
					"rotation": ["55.0 * variable.stand_anim", 0, 0]
				}
			}
		},
		"animation.horse.v3.walk": {
			"loop": true,
			"animation_length": 1,
			"bones": {
				"Body": {
					"position": {
						"0.0": [0, -1, 0],
						"0.25": [0, 0, 0],
						"0.5": [0, -1, 0],
						"0.75": [0, 0, 0],
						"1.0": [0, -1, 0]
					}
				},
				"Tail": {
					"rotation": {
						"0.0": [-20.37067, 24.59476, -78.99034],
						"0.5": [-19.2368, -24.3683, 78.52221],
						"1.0": [-20.37067, 24.59476, -78.99034]
					}
				},
				"LegBL": {
					"rotation": {
						"0.0": [23.33333, 0, 0],
						"0.5": [-50, 0, 0],
						"0.75": [2.5, 0, 0],
						"1.0": [23.33333, 0, 0]
					}
				},
				"LegBR": {
					"rotation": {
						"0.0": [-50, 0, 0],
						"0.25": [2.5, 0, 0],
						"0.5": [23.33333, 0, 0],
						"1.0": [-50, 0, 0]
					}
				},
				"LegFL": {
					"rotation": {
						"0.0": [-50, 0, 0],
						"0.25": [2.5, 0, 0],
						"0.6667": [23.33333, 0, 0],
						"1.0": [-50, 0, 0]
					}
				},
				"LegFR": {
					"rotation": {
						"0.0": [23.33333, 0, 0],
						"0.3333": [-50, 0, 0],
						"0.75": [2.5, 0, 0],
						"1.0": [23.33333, 0, 0]
					}
				},
				"Neck": {
					"rotation": {
						"0.0": [-2.5, 0, 0],
						"0.25": [2.5, 0, 0],
						"0.5": [-2.5, 0, 0],
						"0.75": [2.5, 0, 0],
						"1.0": [-2.5, 0, 0]
					}
				},
				"LegBL2": {
					"rotation": {
						"0.0": [0, 0, 0],
						"0.25": [26.25, 0, 0],
						"0.5": [17.5, 0, 0],
						"0.75": [0, 0, 0],
						"1.0": [0, 0, 0]
					}
				},
				"LegBR2": {
					"rotation": {
						"0.0": [17.5, 0, 0],
						"0.25": [0, 0, 0],
						"0.5": [0, 0, 0],
						"0.75": [26.25, 0, 0],
						"1.0": [17.5, 0, 0]
					}
				},
				"LegFR2": {
					"rotation": {
						"0.0": [0, 0, 0],
						"0.25": [26.25, 0, 0],
						"0.5": [17.5, 0, 0],
						"0.75": [0, 0, 0],
						"1.0": [0, 0, 0]
					}
				},
				"LegFL2": {
					"rotation": {
						"0.0": [17.5, 0, 0],
						"0.25": [0, 0, 0],
						"0.5": [0, 0, 0],
						"0.75": [26.25, 0, 0],
						"1.0": [17.5, 0, 0]
					}
				},
				"Tail2": {
					"rotation": {
						"0.0": [0, 0, 50],
						"0.25": [0, 0, -50],
						"0.5": [0, 0, -50],
						"0.75": [0, 0, 50],
						"1.0": [0, 0, 50]
					}
				}
			}
		},
		"animation.horse.v3.tail": {
			"loop": true,
			"animation_length": 2.5,
			"bones": {
				"Tail": {
					"rotation": {
						"0.0": [-1.02406, 7.30111, -15.9477],
						"0.25": [-1.02406, -7.30111, 15.9477],
						"0.5": [-1.02406, 7.30111, -15.9477],
						"0.75": [-1.02406, -7.30111, 15.9477],
						"1.0": [-1.02406, 7.30111, -15.9477],
						"1.75": [-1.02406, -7.30111, 15.9477],
						"2.5": [-1.02406, 7.30111, -15.9477]
					}
				},
				"Tail2": {
					"rotation": {
						"0.0": [0, 0, 10],
						"0.125": [0, 0, -10],
						"0.25": [0, 0, -10],
						"0.375": [0, 0, 10],
						"0.5": [0, 0, 10],
						"0.625": [0, 0, -10],
						"0.75": [0, 0, -10],
						"0.875": [0, 0, 10],
						"1.0": [0, 0, 10],
						"1.375": [0, 0, -10],
						"1.75": [0, 0, -10],
						"2.125": [0, 0, 10],
						"2.5": [0, 0, 10]
					}
				}
			}
		},
		"animation.horse.v3.blink": {
			"loop": true,
			"animation_length": 3,
			"bones": {
				"left_eyelid": {
					"position": {
						"0.0": [0, 0, 0],
						"2.5": [-1, 0, 0],
						"3.0": [0, 0, 0]
					}
				},
				"right_eyelid": {
					"position": {
						"0.0": [0, 0, 0],
						"2.5": [1, 0, 0],
						"3.0": [0, 0, 0]
					}
				},
				"eyelids": {
					"scale": {
						"0.5": [1, 0, 1],
						"0.7": [1, 1, 1],
						"0.9": [1, 0, 1]
					}
				}
			}
		},
		"animation.horse.v3.run": {
			"loop": true,
			"animation_length": 0.625,
			"bones": {
				"Body": {
					"rotation": {
						"0.0": [0, 0, 0],
						"0.1667": [5, 0, 0],
						"0.4167": [-4.72222, 0, 0],
						"0.625": [0, 0, 0]
					},
					"position": {
						"0.0": [0, 1, 0],
						"0.25": [0, 0, 0],
						"0.625": [0, 1, 0]
					}
				},
				"Tail": {
					"rotation": {
						"0.0": [30, 0, 0],
						"0.25": [0, 0, 0],
						"0.625": [30, 0, 0]
					}
				},
				"Tail2": {
					"rotation": {
						"0.0": [17.5, 0, 0],
						"0.25": [17.5, 0, 0],
						"0.4167": [-20, 0, 0],
						"0.625": [17.5, 0, 0]
					}
				},
				"LegBL": {
					"rotation": {
						"0.0": [32.5, 0, 0],
						"0.2917": [-65, 0, 0],
						"0.4583": [8.33333, 0, 0],
						"0.625": [32.5, 0, 0]
					}
				},
				"LegBL2": {
					"rotation": {
						"0.0": [5, 0, 0],
						"0.1667": [41.66667, 0, 0],
						"0.2917": [22.5, 0, 0],
						"0.4583": [0, 0, 0],
						"0.625": [5, 0, 0]
					}
				},
				"LegBR": {
					"rotation": {
						"0.0": [42.5, 0, 0],
						"0.2083": [-65, 0, 0],
						"0.5417": [8.33333, 0, 0],
						"0.625": [42.5, 0, 0]
					}
				},
				"LegBR2": {
					"rotation": {
						"0.0": [5, 0, 0],
						"0.1667": [41.66667, 0, 0],
						"0.2917": [22.5, 0, 0],
						"0.4583": [0, 0, 0],
						"0.625": [5, 0, 0]
					}
				},
				"LegFL": {
					"rotation": {
						"0.0": [-65, 0, 0],
						"0.1667": [8.33333, 0, 0],
						"0.2917": [32.5, 0, 0],
						"0.625": [-65, 0, 0]
					}
				},
				"LegFL2": {
					"rotation": {
						"0.0": [22.5, 0, 0],
						"0.1667": [0, 0, 0],
						"0.2917": [5, 0, 0],
						"0.4583": [41.66667, 0, 0],
						"0.625": [22.5, 0, 0]
					}
				},
				"LegFR": {
					"rotation": {
						"0.0": [-65, 0, 0],
						"0.25": [8.33333, 0, 0],
						"0.4583": [32.5, 0, 0],
						"0.625": [-65, 0, 0]
					}
				},
				"LegFR2": {
					"rotation": {
						"0.0": [22.5, 0, 0],
						"0.1667": [0, 0, 0],
						"0.2917": [5, 0, 0],
						"0.4583": [41.66667, 0, 0],
						"0.625": [22.5, 0, 0]
					}
				}
			}
		}
	}
}