{
  "format_version": "1.14.0",
  "sound_definitions": {
    "mob.goat.prepare_ram": {
      "category": "hostile",
      "sounds": [
        {
          "name": "sounds/mob/goat/pre_ram1",
          "volume": 0.8
        },
        {
          "name": "sounds/mob/goat/pre_ram2",
          "volume": 0.8
        },
        {
          "name": "sounds/mob/goat/pre_ram3",
          "volume": 0.8
        },
        {
          "name": "sounds/mob/goat/pre_ram4",
          "volume": 0.8
        }
      ]
    },
    "mob.goat.prepare_ram.screamer": {
      "category": "hostile",
      "sounds": [
        {
          "name": "sounds/mob/goat/screaming_pre_ram1",
          "volume": 0.8
        },
        {
          "name": "sounds/mob/goat/screaming_pre_ram2",
          "volume": 0.8
        },
        {
          "name": "sounds/mob/goat/screaming_pre_ram3",
          "volume": 0.8
        },
        {
          "name": "sounds/mob/goat/screaming_pre_ram4",
          "volume": 0.8
        },
        {
          "name": "sounds/mob/goat/screaming_pre_ram5",
          "volume": 0.8
        }
      ]
    },
    "mob.goat.ram_impact": {
      "category": "hostile",
      "sounds": [
        {
          "name": "sounds/mob/goat/impact1",
          "volume": 0.8
        },
        {
          "name": "sounds/mob/goat/impact2",
          "volume": 0.8
        },
        {
          "name": "sounds/mob/goat/impact2",
          "volume": 0.8
        }
      ]
    },
    "mob.goat.ram_impact.screamer": {
      "category": "hostile",
      "sounds": [
        {
          "name": "sounds/mob/goat/impact1",
          "volume": 0.8
        },
        {
          "name": "sounds/mob/goat/impact2",
          "volume": 0.8
        },
        {
          "name": "sounds/mob/goat/impact2",
          "volume": 0.8
        }
      ]
    },
    "mob.goat.eat": {
      "category": "neutral",
      "sounds": [
        "sounds/mob/goat/eat1",
        "sounds/mob/goat/eat2",
        "sounds/mob/goat/eat3"
      ]
    },
    "mob.goat.ambient": {
      "category": "neutral",
      "sounds": [
        {
          "name": "sounds/mob/goat/idle1",
          "volume": 0.82
        },
        {
          "name": "sounds/mob/goat/idle2",
          "volume": 0.82
        },
        {
          "name": "sounds/mob/goat/idle3",
          "volume": 0.84
        },
        {
          "name": "sounds/mob/goat/idle4",
          "volume": 0.84
        },
        {
          "name": "sounds/mob/goat/idle5",
          "volume": 0.84
        },
        {
          "name": "sounds/mob/goat/idle6",
          "volume": 0.84
        },
        {
          "name": "sounds/mob/goat/idle7",
          "volume": 0.83
        },
        {
          "name": "sounds/mob/goat/idle8",
          "volume": 0.84
        }
      ]
    },
    "mob.goat.ambient.screamer": {
      "category": "neutral",
      "sounds": [
        {
          "name": "sounds/mob/goat/idle1",
          "volume": 0.82
        },
        {
          "name": "sounds/mob/goat/idle2",
          "volume": 0.82
        },
        {
          "name": "sounds/mob/goat/idle3",
          "volume": 0.84
        },
        {
          "name": "sounds/mob/goat/idle4",
          "volume": 0.84
        },
        {
          "name": "sounds/mob/goat/idle5",
          "volume": 0.84
        },
        {
          "name": "sounds/mob/goat/idle6",
          "volume": 0.84
        },
        {
          "name": "sounds/mob/goat/idle7",
          "volume": 0.83
        },
        {
          "name": "sounds/mob/goat/idle8",
          "volume": 0.84
        },
        {
          "name": "sounds/mob/goat/scream1",
          "volume": 0.9
        },
        {
          "name": "sounds/mob/goat/scream2",
          "volume": 0.9
        },
        {
          "name": "sounds/mob/goat/scream3",
          "volume": 0.9
        },
        {
          "name": "sounds/mob/goat/scream4",
          "volume": 0.9
        },
        {
          "name": "sounds/mob/goat/scream5",
          "volume": 0.9
        },
        {
          "name": "sounds/mob/goat/scream6",
          "volume": 0.9
        },
        {
          "name": "sounds/mob/goat/scream7",
          "volume": 0.9
        },
        {
          "name": "sounds/mob/goat/scream8",
          "volume": 0.9
        },
        {
          "name": "sounds/mob/goat/scream9",
          "volume": 0.9
        }
      ]
    },
    "mob.goat.death": {
      "category": "neutral",
      "sounds": [
        {
          "name": "sounds/mob/goat/death1",
          "volume": 0.65
        },
        {
          "name": "sounds/mob/goat/death2",
          "volume": 0.65
        },
        {
          "name": "sounds/mob/goat/death3",
          "volume": 0.65
        },
        {
          "name": "sounds/mob/goat/death4",
          "volume": 0.65
        },
        {
          "name": "sounds/mob/goat/death5",
          "volume": 0.65
        }
      ]
    },
    "mob.goat.death.screamer": {
      "category": "neutral",
      "sounds": [
        {
          "name": "sounds/mob/goat/screaming_death1",
          "volume": 0.65
        },
        {
          "name": "sounds/mob/goat/screaming_death2",
          "volume": 0.65
        },
        {
          "name": "sounds/mob/goat/screaming_death3",
          "volume": 0.65
        }
      ]
    },
    "mob.goat.hurt": {
      "category": "neutral",
      "sounds": [
        {
          "name": "sounds/mob/goat/hurt1",
          "volume": 0.65
        },
        {
          "name": "sounds/mob/goat/hurt2",
          "volume": 0.65
        },
        {
          "name": "sounds/mob/goat/hurt3",
          "volume": 0.65
        },
        {
          "name": "sounds/mob/goat/hurt4",
          "volume": 0.65
        }
      ]
    },
    "mob.goat.hurt.screamer": {
      "category": "neutral",
      "sounds": [
        {
          "name": "sounds/mob/goat/screaming_hurt1",
          "volume": 0.65
        },
        {
          "name": "sounds/mob/goat/screaming_hurt2",
          "volume": 0.65
        },
        {
          "name": "sounds/mob/goat/screaming_hurt3",
          "volume": 0.65
        }
      ]
    },
    "mob.goat.milk.screamer": {
      "category": "neutral",
      "sounds": [
        "sounds/mob/goat/screaming_milk1",
        "sounds/mob/goat/screaming_milk2",
        "sounds/mob/goat/screaming_milk3",
        "sounds/mob/goat/screaming_milk4",
        "sounds/mob/goat/screaming_milk5"
      ]
    },
    "mob.goat.step": {
      "category": "neutral",
      "sounds": [
        {
          "name": "sounds/mob/goat/step1",
          "volume": 1
        },
        {
          "name": "sounds/mob/goat/step2",
          "volume": 1
        },
        {
          "name": "sounds/mob/goat/step3",
          "volume": 1
        },
        {
          "name": "sounds/mob/goat/step4",
          "volume": 1
        },
        {
          "name": "sounds/mob/goat/step5",
          "volume": 1
        },
        {
          "name": "sounds/mob/goat/step6",
          "volume": 1
        }
      ]
    },
    "dig.powder_snow": {
      "category": "block",
      "sounds": [
        "sounds/block/powder_snow/break1",
        "sounds/block/powder_snow/break2",
        "sounds/block/powder_snow/break3",
        "sounds/block/powder_snow/break4",
        "sounds/block/powder_snow/break5",
        "sounds/block/powder_snow/break6",
        "sounds/block/powder_snow/break7"
      ]
    },
    "fall.powder_snow": {
      "category": "neutral",
      "sounds": [
        "sounds/block/powder_snow/step1",
        "sounds/block/powder_snow/step2",
        "sounds/block/powder_snow/step3",
        "sounds/block/powder_snow/step4",
        "sounds/block/powder_snow/step5",
        "sounds/block/powder_snow/step6",
        "sounds/block/powder_snow/step7",
        "sounds/block/powder_snow/step8",
        "sounds/block/powder_snow/step9",
        "sounds/block/powder_snow/step10"
      ]
    },
    "hit.powder_snow": {
      "category": "block",
      "sounds": [
        {
          "name": "sounds/block/powder_snow/step1",
          "volume": 0.83,
          "pitch": 1.3
        },
        {
          "name": "sounds/block/powder_snow/step2",
          "volume": 0.83,
          "pitch": 1.3
        },
        {
          "name": "sounds/block/powder_snow/step3",
          "volume": 0.83,
          "pitch": 1.3
        },
        {
          "name": "sounds/block/powder_snow/step4",
          "volume": 0.83,
          "pitch": 1.3
        },
        {
          "name": "sounds/block/powder_snow/step5",
          "volume": 0.83,
          "pitch": 1.3
        },
        {
          "name": "sounds/block/powder_snow/step6",
          "volume": 0.83,
          "pitch": 1.3
        },
        {
          "name": "sounds/block/powder_snow/step7",
          "volume": 0.83,
          "pitch": 1.3
        },
        {
          "name": "sounds/block/powder_snow/step8",
          "volume": 0.83,
          "pitch": 1.3
        },
        {
          "name": "sounds/block/powder_snow/step9",
          "volume": 0.83,
          "pitch": 1.3
        },
        {
          "name": "sounds/block/powder_snow/step10",
          "volume": 0.83,
          "pitch": 1.3
        }
      ]
    },
    "place.powder_snow": {
      "category": "block",
      "sounds": [
        "sounds/block/powder_snow/break1",
        "sounds/block/powder_snow/break2",
        "sounds/block/powder_snow/break3",
        "sounds/block/powder_snow/break4",
        "sounds/block/powder_snow/break5",
        "sounds/block/powder_snow/break6",
        "sounds/block/powder_snow/break7"
      ]
    },
    "step.powder_snow": {
      "category": "neutral",
      "sounds": [
        "sounds/block/powder_snow/step1",
        "sounds/block/powder_snow/step2",
        "sounds/block/powder_snow/step3",
        "sounds/block/powder_snow/step4",
        "sounds/block/powder_snow/step5",
        "sounds/block/powder_snow/step6",
        "sounds/block/powder_snow/step7",
        "sounds/block/powder_snow/step8",
        "sounds/block/powder_snow/step9",
        "sounds/block/powder_snow/step10"
      ]
    },
    "bucket.fill_powder_snow": {
      "category": "player",
      "sounds": [
        "sounds/bucket/fill_powder_snow1",
        "sounds/bucket/fill_powder_snow2"
      ]
    },
    "bucket.empty_powder_snow": {
      "category": "block",
      "sounds": [
        "sounds/bucket/empty_powder_snow1",
        "sounds/bucket/empty_powder_snow2"
      ]
    },
    "mob.axolotl.attack": {
      "category": "neutral",
      "sounds": [
        "sounds/mob/axolotl/attack1",
        "sounds/mob/axolotl/attack2",
        "sounds/mob/axolotl/attack3",
        "sounds/mob/axolotl/attack4"
      ]
    },
    "mob.axolotl.idle_water": {
      "category": "neutral",
      "sounds": [
        "sounds/mob/axolotl/idle1",
        "sounds/mob/axolotl/idle2",
        "sounds/mob/axolotl/idle3",
        "sounds/mob/axolotl/idle4",
        "sounds/mob/axolotl/idle5"
      ]
    },
    "mob.axolotl.idle": {
      "category": "neutral",
      "sounds": [
        "sounds/mob/axolotl/idle_air1",
        "sounds/mob/axolotl/idle_air2",
        "sounds/mob/axolotl/idle_air3",
        "sounds/mob/axolotl/idle_air4",
        "sounds/mob/axolotl/idle_air5"
      ]
    },
    "mob.axolotl.splash": {
      "category": "neutral",
      "sounds": [
        {
          "name": "sounds/mob/axolotl/splash1",
          "volume": 0.9,
          "pitch": 1.2
        },
        {
          "name": "sounds/mob/axolotl/splash2",
          "volume": 0.9,
          "pitch": 1.2
        },
        {
          "name": "sounds/mob/axolotl/splash3",
          "volume": 0.9,
          "pitch": 1.2
        }
      ]
    },
    "mob.axolotl.swim": {
      "category": "neutral",
      "sounds": [
        "sounds/mob/axolotl/swim1",
        "sounds/mob/axolotl/swim2",
        "sounds/mob/axolotl/swim3",
        "sounds/mob/axolotl/swim4",
        "sounds/mob/axolotl/swim5",
        "sounds/mob/axolotl/swim6",
        "sounds/mob/axolotl/swim7"
      ]
    },
    "mob.axolotl.death": {
      "category": "neutral",
      "sounds": [
        "sounds/mob/axolotl/death1",
        "sounds/mob/axolotl/death2"
      ]
    },
    "mob.axolotl.hurt": {
      "category": "neutral",
      "sounds": [
        "sounds/mob/axolotl/hurt1",
        "sounds/mob/axolotl/hurt2",
        "sounds/mob/axolotl/hurt3",
        "sounds/mob/axolotl/hurt4"
      ]
    },
    "component.jump_to_block": {
      "category": "neutral",
      "sounds": [
        "sounds/component/jump_to_block/jump1",
        "sounds/component/jump_to_block/jump2"
      ]
    },
    "mob.glow_squid.ambient": {
      "category": "neutral",
      "sounds": [
        "sounds/mob/glow_squid/ambient1",
        "sounds/mob/glow_squid/ambient2",
        "sounds/mob/glow_squid/ambient3",
        "sounds/mob/glow_squid/ambient4",
        "sounds/mob/glow_squid/ambient5"
      ]
    },
    "mob.glow_squid.death": {
      "category": "neutral",
      "sounds": [
        "sounds/mob/glow_squid/death1",
        "sounds/mob/glow_squid/death2",
        "sounds/mob/glow_squid/death3"
      ]
    },
    "mob.glow_squid.hurt": {
      "category": "neutral",
      "sounds": [
        "sounds/mob/glow_squid/hurt1",
        "sounds/mob/glow_squid/hurt2",
        "sounds/mob/glow_squid/hurt3",
        "sounds/mob/glow_squid/hurt4"
      ]
    },
    "mob.glow_squid.ink_squirt": {
      "category": "neutral",
      "sounds": [
        "sounds/mob/glow_squid/squirt1",
        "sounds/mob/glow_squid/squirt2",
        "sounds/mob/glow_squid/squirt3"
      ]
    },
    "mob.player.hurt_drown": {
      "category": "player",
      "sounds": [
        "sounds/mob/player/hurt/drown1",
        {
          "name": "sounds/mob/player/hurt/drown2",
          "load_on_low_memory": true
        },
        "sounds/mob/player/hurt/drown3",
        "sounds/mob/player/hurt/drown4"
      ]
    },
    "mob.player.hurt_on_fire": {
      "category": "player",
      "sounds": [
        "sounds/mob/player/hurt/fire_hurt1",
        {
          "name": "sounds/mob/player/hurt/fire_hurt2",
          "load_on_low_memory": true
        },
        "sounds/mob/player/hurt/fire_hurt3"
      ]
    },
    "mob.player.hurt_freeze": {
      "category": "player",
      "sounds": [
        "sounds/mob/player/hurt/freeze_hurt1",
        {
          "name": "sounds/mob/player/hurt/freeze_hurt2",
          "load_on_low_memory": true
        },
        "sounds/mob/player/hurt/freeze_hurt3",
        "sounds/mob/player/hurt/freeze_hurt4",
        "sounds/mob/player/hurt/freeze_hurt5"
      ]
    },
    "use.dripstone_block": {
      "category": "block",
      "sounds": [
        "sounds/block/dripstone/step1",
        "sounds/block/dripstone/step2",
        "sounds/block/dripstone/step3",
        "sounds/block/dripstone/step4",
        "sounds/block/dripstone/step5",
        "sounds/block/dripstone/step6"
      ]
    },
    "break.dripstone_block": {
      "category": "block",
      "sounds": [
        "sounds/block/dripstone/break1",
        "sounds/block/dripstone/break2",
        "sounds/block/dripstone/break3",
        "sounds/block/dripstone/break4",
        "sounds/block/dripstone/break5"
      ]
    },
    "place.dripstone_block": {
      "category": "block",
      "sounds": [
        "sounds/block/dripstone/break1",
        "sounds/block/dripstone/break2",
        "sounds/block/dripstone/break3",
        "sounds/block/dripstone/break4",
        "sounds/block/dripstone/break5"
      ]
    },
    "hit.dripstone_block": {
      "category": "block",
      "sounds": [
        "sounds/block/dripstone/step1",
        "sounds/block/dripstone/step2",
        "sounds/block/dripstone/step3",
        "sounds/block/dripstone/step4",
        "sounds/block/dripstone/step5",
        "sounds/block/dripstone/step6"
      ]
    },
    "fall.dripstone_block": {
      "category": "neutral",
      "sounds": [
        "sounds/block/dripstone/step1",
        "sounds/block/dripstone/step2",
        "sounds/block/dripstone/step3",
        "sounds/block/dripstone/step4",
        "sounds/block/dripstone/step5",
        "sounds/block/dripstone/step6"
      ]
    },
    "step.dripstone_block": {
      "category": "neutral",
      "sounds": [
        "sounds/block/dripstone/step1",
        "sounds/block/dripstone/step2",
        "sounds/block/dripstone/step3",
        "sounds/block/dripstone/step4",
        "sounds/block/dripstone/step5",
        "sounds/block/dripstone/step6"

      ]
    },
    "jump.dripstone_block": {
      "category": "neutral",
      "sounds": [
        "sounds/block/dripstone/step1",
        "sounds/block/dripstone/step2",
        "sounds/block/dripstone/step3",
        "sounds/block/dripstone/step4",
        "sounds/block/dripstone/step5",
        "sounds/block/dripstone/step6"
      ]
    },
    "land.dripstone_block": {
      "category": "neutral",
      "sounds": [
        "sounds/block/dripstone/step1",
        "sounds/block/dripstone/step2",
        "sounds/block/dripstone/step3",
        "sounds/block/dripstone/step4",
        "sounds/block/dripstone/step5",
        "sounds/block/dripstone/step6"
      ]
    },
    "use.pointed_dripstone": {
      "category": "block",
      "sounds": [
        "sounds/block/dripstone/step1",
        "sounds/block/dripstone/step2",
        "sounds/block/dripstone/step3",
        "sounds/block/dripstone/step4",
        "sounds/block/dripstone/step5",
        "sounds/block/dripstone/step6"
      ]
    },
    "break.pointed_dripstone": {
      "category": "block",
      "sounds": [
        "sounds/block/dripstone/break1",
        "sounds/block/dripstone/break2",
        "sounds/block/dripstone/break3",
        "sounds/block/dripstone/break4",
        "sounds/block/dripstone/break5"
      ]
    },
    "place.pointed_dripstone": {
      "category": "block",
      "sounds": [
        "sounds/block/dripstone/break1",
        "sounds/block/dripstone/break2",
        "sounds/block/dripstone/break3",
        "sounds/block/dripstone/break4",
        "sounds/block/dripstone/break5"
      ]
    },
    "hit.pointed_dripstone": {
      "category": "block",
      "sounds": [
        "sounds/block/dripstone/step1",
        "sounds/block/dripstone/step2",
        "sounds/block/dripstone/step3",
        "sounds/block/dripstone/step4",
        "sounds/block/dripstone/step5",
        "sounds/block/dripstone/step6"
      ]
    },
    "fall.pointed_dripstone": {
      "category": "neutral",
      "sounds": [
        "sounds/block/dripstone/step1",
        "sounds/block/dripstone/step2",
        "sounds/block/dripstone/step3",
        "sounds/block/dripstone/step4",
        "sounds/block/dripstone/step5",
        "sounds/block/dripstone/step6"
      ]
    },
    "step.pointed_dripstone": {
      "category": "neutral",
      "sounds": [
        "sounds/block/dripstone/step1",
        "sounds/block/dripstone/step2",
        "sounds/block/dripstone/step3",
        "sounds/block/dripstone/step4",
        "sounds/block/dripstone/step5",
        "sounds/block/dripstone/step6"

      ]
    },
    "jump.pointed_dripstone": {
      "category": "neutral",
      "sounds": [
        "sounds/block/dripstone/step1",
        "sounds/block/dripstone/step2",
        "sounds/block/dripstone/step3",
        "sounds/block/dripstone/step4",
        "sounds/block/dripstone/step5",
        "sounds/block/dripstone/step6"
      ]
    },
    "land.pointed_dripstone": {
      "category": "neutral",
      "sounds": [
        "sounds/block/pointed_dripstone/land1",
        "sounds/block/pointed_dripstone/land2",
        "sounds/block/pointed_dripstone/land3",
        "sounds/block/pointed_dripstone/land4",
        "sounds/block/pointed_dripstone/land5"
      ]
    },
    "drip.water.pointed_dripstone": {
      "category": "neutral",
      "sounds": [
        "sounds/block/pointed_dripstone/drip_water1",
        "sounds/block/pointed_dripstone/drip_water2",
        "sounds/block/pointed_dripstone/drip_water3",
        "sounds/block/pointed_dripstone/drip_water4",
        "sounds/block/pointed_dripstone/drip_water5",
        "sounds/block/pointed_dripstone/drip_water6",
        "sounds/block/pointed_dripstone/drip_water7",
        "sounds/block/pointed_dripstone/drip_water8",
        "sounds/block/pointed_dripstone/drip_water9",
        "sounds/block/pointed_dripstone/drip_water10",
        "sounds/block/pointed_dripstone/drip_water11",
        "sounds/block/pointed_dripstone/drip_water12",
        "sounds/block/pointed_dripstone/drip_water13",
        "sounds/block/pointed_dripstone/drip_water14",
        "sounds/block/pointed_dripstone/drip_water15"
      ]
    },
    "cauldron_drip.water.pointed_dripstone": {
      "category": "neutral",
      "sounds": [
        "sounds/block/pointed_dripstone/drip_water_cauldron1",
        "sounds/block/pointed_dripstone/drip_water_cauldron2",
        "sounds/block/pointed_dripstone/drip_water_cauldron3",
        "sounds/block/pointed_dripstone/drip_water_cauldron4",
        "sounds/block/pointed_dripstone/drip_water_cauldron5",
        "sounds/block/pointed_dripstone/drip_water_cauldron6",
        "sounds/block/pointed_dripstone/drip_water_cauldron7",
        "sounds/block/pointed_dripstone/drip_water_cauldron8"
      ]
    },
    "drip.lava.pointed_dripstone": {
      "category": "neutral",
      "sounds": [
        "sounds/block/pointed_dripstone/drip_lava1",
        "sounds/block/pointed_dripstone/drip_lava2",
        "sounds/block/pointed_dripstone/drip_lava3",
        "sounds/block/pointed_dripstone/drip_lava4",
        "sounds/block/pointed_dripstone/drip_lava5",
        "sounds/block/pointed_dripstone/drip_lava6"
      ]
    },
    "cauldron_drip.lava.pointed_dripstone": {
      "category": "neutral",
      "sounds": [
        "sounds/block/pointed_dripstone/drip_lava_cauldron1",
        "sounds/block/pointed_dripstone/drip_lava_cauldron2",
        "sounds/block/pointed_dripstone/drip_lava_cauldron3",
        "sounds/block/pointed_dripstone/drip_lava_cauldron4"
      ]
    },
    "use.deepslate": {
      "category": "block",
      "sounds": [
        "sounds/block/deepslate/step1",
        "sounds/block/deepslate/step2",
        "sounds/block/deepslate/step3",
        "sounds/block/deepslate/step4",
        "sounds/block/deepslate/step5",
        "sounds/block/deepslate/step6"
      ]
    },
    "dig.deepslate": {
      "category": "block",
      "sounds": [
        "sounds/block/deepslate/break1",
        "sounds/block/deepslate/break2",
        "sounds/block/deepslate/break3",
        "sounds/block/deepslate/break4"
      ]
    },
    "hit.deepslate": {
      "category": "block",
      "sounds": [
        "sounds/block/deepslate/step1",
        "sounds/block/deepslate/step2",
        "sounds/block/deepslate/step3",
        "sounds/block/deepslate/step4",
        "sounds/block/deepslate/step5",
        "sounds/block/deepslate/step6"
      ]
    },
    "place.deepslate": {
      "category": "block",
      "sounds": [
        "sounds/block/deepslate/place1",
        "sounds/block/deepslate/place2",
        "sounds/block/deepslate/place3",
        "sounds/block/deepslate/place4",
        "sounds/block/deepslate/place5",
        "sounds/block/deepslate/place6"
      ]
    },
    "fall.deepslate": {
      "category": "player",
      "sounds": [
        "sounds/block/deepslate/step1",
        "sounds/block/deepslate/step2",
        "sounds/block/deepslate/step3",
        "sounds/block/deepslate/step4",
        "sounds/block/deepslate/step5",
        "sounds/block/deepslate/step6"
      ]
    },
    "step.deepslate": {
      "category": "player",
      "sounds": [
        "sounds/block/deepslate/step1",
        "sounds/block/deepslate/step2",
        "sounds/block/deepslate/step3",
        "sounds/block/deepslate/step4",
        "sounds/block/deepslate/step5",
        "sounds/block/deepslate/step6"
      ]
    },
    "jump.deepslate": {
      "category": "player",
      "sounds": [
        "sounds/block/deepslate/step1",
        "sounds/block/deepslate/step2",
        "sounds/block/deepslate/step3",
        "sounds/block/deepslate/step4",
        "sounds/block/deepslate/step5",
        "sounds/block/deepslate/step6"
      ]
    },
    "land.deepslate": {
      "category": "player",
      "sounds": [
        "sounds/block/deepslate/step1",
        "sounds/block/deepslate/step2",
        "sounds/block/deepslate/step3",
        "sounds/block/deepslate/step4",
        "sounds/block/deepslate/step5",
        "sounds/block/deepslate/step6"
      ]
    },
    "use.deepslate_bricks": {
      "category": "block",
      "sounds": [
        "sounds/block/deepslate_bricks/step1",
        "sounds/block/deepslate_bricks/step2",
        "sounds/block/deepslate_bricks/step3",
        "sounds/block/deepslate_bricks/step4",
        "sounds/block/deepslate_bricks/step5",
        "sounds/block/deepslate_bricks/step6"
      ]
    },
    "dig.deepslate_bricks": {
      "category": "block",
      "sounds": [
        "sounds/block/deepslate_bricks/place1",
        "sounds/block/deepslate_bricks/place2",
        "sounds/block/deepslate_bricks/place3",
        "sounds/block/deepslate_bricks/place4",
        "sounds/block/deepslate_bricks/place5",
        "sounds/block/deepslate_bricks/place6"
      ]
    },
    "hit.deepslate_bricks": {
      "category": "block",
      "sounds": [
        "sounds/block/deepslate_bricks/step1",
        "sounds/block/deepslate_bricks/step2",
        "sounds/block/deepslate_bricks/step3",
        "sounds/block/deepslate_bricks/step4",
        "sounds/block/deepslate_bricks/step5"
      ]
    },
    "place.deepslate_bricks": {
      "category": "block",
      "sounds": [
        "sounds/block/deepslate_bricks/place1",
        "sounds/block/deepslate_bricks/place2",
        "sounds/block/deepslate_bricks/place3",
        "sounds/block/deepslate_bricks/place4",
        "sounds/block/deepslate_bricks/place5",
        "sounds/block/deepslate_bricks/place6"
      ]
    },
    "fall.deepslate_bricks": {
      "category": "neutral",
      "sounds": [
        "sounds/block/deepslate_bricks/step1",
        "sounds/block/deepslate_bricks/step2",
        "sounds/block/deepslate_bricks/step3",
        "sounds/block/deepslate_bricks/step4",
        "sounds/block/deepslate_bricks/step5",
        "sounds/block/deepslate_bricks/step6"
      ]
    },
    "step.deepslate_bricks": {
      "category": "neutral",
      "sounds": [
        "sounds/block/deepslate_bricks/step1",
        "sounds/block/deepslate_bricks/step2",
        "sounds/block/deepslate_bricks/step3",
        "sounds/block/deepslate_bricks/step4",
        "sounds/block/deepslate_bricks/step5"
      ]
    },
    "jump.deepslate_bricks": {
      "category": "neutral",
      "sounds": [
        "sounds/block/deepslate_bricks/step1",
        "sounds/block/deepslate_bricks/step2",
        "sounds/block/deepslate_bricks/step3",
        "sounds/block/deepslate_bricks/step4",
        "sounds/block/deepslate_bricks/step5"
      ]
    },
    "land.deepslate_bricks": {
      "category": "neutral",
      "sounds": [
        "sounds/block/deepslate_bricks/step1",
        "sounds/block/deepslate_bricks/step2",
        "sounds/block/deepslate_bricks/step3",
        "sounds/block/deepslate_bricks/step4",
        "sounds/block/deepslate_bricks/step5"
      ]
    },
    "place.copper": {
      "category": "block",
      "sounds": [
        "sounds/block/copper/break1",
        "sounds/block/copper/break2",
        "sounds/block/copper/break3",
        "sounds/block/copper/break4"
      ]
    },
    "step.copper": {
      "category": "player",
      "sounds": [
        "sounds/block/copper/step1",
        "sounds/block/copper/step2",
        "sounds/block/copper/step3",
        "sounds/block/copper/step4",
        "sounds/block/copper/step5",
        "sounds/block/copper/step6"
      ]
    },
    "use.copper": {
      "category": "block",
      "sounds": [
        "sounds/block/copper/step1",
        "sounds/block/copper/step2",
        "sounds/block/copper/step3",
        "sounds/block/copper/step4",
        "sounds/block/copper/step5",
        "sounds/block/copper/step6"
      ]
    },
    "dig.copper": {
      "category": "block",
      "sounds": [
        "sounds/block/copper/break1",
        "sounds/block/copper/break2",
        "sounds/block/copper/break3",
        "sounds/block/copper/break4"
      ]
    },
    "fall.copper": {
      "category": "neutral",
      "sounds": [
        "sounds/block/copper/step1",
        "sounds/block/copper/step2",
        "sounds/block/copper/step3",
        "sounds/block/copper/step4",
        "sounds/block/copper/step5",
        "sounds/block/copper/step6"
      ]
    },
    "hit.copper": {
      "category": "block",
      "sounds": [
        "sounds/block/copper/step1",
        "sounds/block/copper/step2",
        "sounds/block/copper/step3",
        "sounds/block/copper/step4",
        "sounds/block/copper/step5",
        "sounds/block/copper/step6"
      ]
    },
    "copper.wax.on": {
      "category": "neutral",
      "sounds": [
        "sounds/item/honeycomb/wax_on1",
        "sounds/item/honeycomb/wax_on2",
        "sounds/item/honeycomb/wax_on3"
      ]
    },
    "copper.wax.off": {
      "category": "neutral",
      "sounds": [
        "sounds/item/axe/wax_off1",
        "sounds/item/axe/wax_off2",
        "sounds/item/axe/wax_off3"
      ]
    },
    "scrape": {
      "category": "neutral",
      "sounds": [
        "sounds/item/axe/scrape1",
        "sounds/item/axe/scrape2",
        "sounds/item/axe/scrape3"
      ]
    },
    "break.big_dripleaf": {
      "category": "block",
      "sounds": [
        "sounds/block/big_dripleaf/break1",
        "sounds/block/big_dripleaf/break2",
        "sounds/block/big_dripleaf/break3",
        "sounds/block/big_dripleaf/break4",
        "sounds/block/big_dripleaf/break5",
        "sounds/block/big_dripleaf/break6"
      ]
    },
    "fall.big_dripleaf": {
      "category": "neutral",
      "sounds": [
        "sounds/block/big_dripleaf/step1",
        "sounds/block/big_dripleaf/step2",
        "sounds/block/big_dripleaf/step3",
        "sounds/block/big_dripleaf/step4",
        "sounds/block/big_dripleaf/step5",
        "sounds/block/big_dripleaf/step6"
      ]
    },
    "hit.big_dripleaf": {
      "category": "block",
      "sounds": [
        "sounds/block/big_dripleaf/step1",
        "sounds/block/big_dripleaf/step2",
        "sounds/block/big_dripleaf/step3",
        "sounds/block/big_dripleaf/step4",
        "sounds/block/big_dripleaf/step5",
        "sounds/block/big_dripleaf/step6"
      ]
    },
    "jump.big_dripleaf": {
      "category": "neutral",
      "sounds": [
        "sounds/block/big_dripleaf/step1",
        "sounds/block/big_dripleaf/step2",
        "sounds/block/big_dripleaf/step3",
        "sounds/block/big_dripleaf/step4",
        "sounds/block/big_dripleaf/step5",
        "sounds/block/big_dripleaf/step6"
      ]
    },
    "land.big_dripleaf": {
      "category": "neutral",
      "sounds": [
        "sounds/block/big_dripleaf/step1",
        "sounds/block/big_dripleaf/step2",
        "sounds/block/big_dripleaf/step3",
        "sounds/block/big_dripleaf/step4",
        "sounds/block/big_dripleaf/step5",
        "sounds/block/big_dripleaf/step6"
      ]
    },
    "place.big_dripleaf": {
      "category": "block",
      "sounds": [
        "sounds/block/big_dripleaf/break1",
        "sounds/block/big_dripleaf/break2",
        "sounds/block/big_dripleaf/break3",
        "sounds/block/big_dripleaf/break4",
        "sounds/block/big_dripleaf/break5",
        "sounds/block/big_dripleaf/break6"
      ]
    },
    "step.big_dripleaf": {
      "category": "neutral",
      "sounds": [
        "sounds/block/big_dripleaf/step1",
        "sounds/block/big_dripleaf/step2",
        "sounds/block/big_dripleaf/step3",
        "sounds/block/big_dripleaf/step4",
        "sounds/block/big_dripleaf/step5",
        "sounds/block/big_dripleaf/step6"
      ]
    },
    "tilt_down.big_dripleaf": {
      "category": "block",
      "sounds": [
        "sounds/block/big_dripleaf/tilt_down1",
        "sounds/block/big_dripleaf/tilt_down2",
        "sounds/block/big_dripleaf/tilt_down3",
        "sounds/block/big_dripleaf/tilt_down4",
        "sounds/block/big_dripleaf/tilt_down5"
      ]
    },
    "tilt_up.big_dripleaf": {
      "category": "block",
      "sounds": [
        "sounds/block/big_dripleaf/tilt_down1",
        "sounds/block/big_dripleaf/tilt_down2",
        "sounds/block/big_dripleaf/tilt_down3",
        "sounds/block/big_dripleaf/tilt_down4"
      ]
    },
    "break.hanging_roots": {
      "category": "block",
      "sounds": [
        "sounds/block/hanging_roots/break1",
        "sounds/block/hanging_roots/break2",
        "sounds/block/hanging_roots/break3",
        "sounds/block/hanging_roots/break4"
      ]
    },
    "place.hanging_roots": {
      "category": "block",
      "sounds": [
        "sounds/block/hanging_roots/break1",
        "sounds/block/hanging_roots/break2",
        "sounds/block/hanging_roots/break3",
        "sounds/block/hanging_roots/break4"
      ]
    },
    "use.hanging_roots": {
      "category": "block",
      "sounds": [
        "sounds/block/hanging_roots/break1",
        "sounds/block/hanging_roots/break2",
        "sounds/block/hanging_roots/break3",
        "sounds/block/hanging_roots/break4"
      ]
    },
    "hit.hanging_roots": {
      "category": "block",
      "sounds": [
        "sounds/block/hanging_roots/step1",
        "sounds/block/hanging_roots/step2",
        "sounds/block/hanging_roots/step3",
        "sounds/block/hanging_roots/step4",
        "sounds/block/hanging_roots/step5",
        "sounds/block/hanging_roots/step6"
      ]
    },
    "fall.hanging_roots": {
      "category": "player",
      "sounds": [
        "sounds/block/hanging_roots/step1",
        "sounds/block/hanging_roots/step2",
        "sounds/block/hanging_roots/step3",
        "sounds/block/hanging_roots/step4",
        "sounds/block/hanging_roots/step5",
        "sounds/block/hanging_roots/step6"
      ]
    },
    "step.hanging_roots": {
      "category": "player",
      "sounds": [
        "sounds/block/hanging_roots/step1",
        "sounds/block/hanging_roots/step2",
        "sounds/block/hanging_roots/step3",
        "sounds/block/hanging_roots/step4",
        "sounds/block/hanging_roots/step5",
        "sounds/block/hanging_roots/step6"
      ]
    },
    "jump.hanging_roots": {
      "category": "block",
      "sounds": [
        "sounds/block/hanging_roots/step1",
        "sounds/block/hanging_roots/step2",
        "sounds/block/hanging_roots/step3",
        "sounds/block/hanging_roots/step4",
        "sounds/block/hanging_roots/step5",
        "sounds/block/hanging_roots/step6"
      ]
    },
    "land.hanging_roots": {
      "category": "block",
      "sounds": [
        "sounds/block/hanging_roots/step1",
        "sounds/block/hanging_roots/step2",
        "sounds/block/hanging_roots/step3",
        "sounds/block/hanging_roots/step4",
        "sounds/block/hanging_roots/step5",
        "sounds/block/hanging_roots/step6"
      ]
    },
    "break.spore_blossom": {
      "category": "block",
      "sounds": [
        "sounds/block/spore_blossom/break1",
        "sounds/block/spore_blossom/break2",
        "sounds/block/spore_blossom/break3",
        "sounds/block/spore_blossom/break4",
        "sounds/block/spore_blossom/break5"
      ]
    },
    "fall.spore_blossom": {
      "category": "neutral",
      "sounds": [
        "sounds/block/spore_blossom/step1",
        "sounds/block/spore_blossom/step2",
        "sounds/block/spore_blossom/step3",
        "sounds/block/spore_blossom/step4",
        "sounds/block/spore_blossom/step5",
        "sounds/block/spore_blossom/step6"
      ]
    },
    "hit.spore_blossom": {
      "category": "block",
      "sounds": [
        "sounds/block/spore_blossom/break1",
        "sounds/block/spore_blossom/break2",
        "sounds/block/spore_blossom/break3",
        "sounds/block/spore_blossom/break4",
        "sounds/block/spore_blossom/break5"
      ]
    },
    "place.spore_blossom": {
      "category": "block",
      "sounds": [
        "sounds/block/spore_blossom/break1",
        "sounds/block/spore_blossom/break2",
        "sounds/block/spore_blossom/break3",
        "sounds/block/spore_blossom/break4",
        "sounds/block/spore_blossom/break5"
      ]
    },
    "step.spore_blossom": {
      "category": "neutral",
      "sounds": [
        "sounds/block/spore_blossom/step1",
        "sounds/block/spore_blossom/step2",
        "sounds/block/spore_blossom/step3",
        "sounds/block/spore_blossom/step4",
        "sounds/block/spore_blossom/step5",
        "sounds/block/spore_blossom/step6"
      ]
    },
    "land.spore_blossom": {
      "category": "neutral",
      "sounds": [
        "sounds/block/spore_blossom/step1",
        "sounds/block/spore_blossom/step2",
        "sounds/block/spore_blossom/step3",
        "sounds/block/spore_blossom/step4",
        "sounds/block/spore_blossom/step5",
        "sounds/block/spore_blossom/step6"
      ]
    },
    "jump.spore_blossom": {
      "category": "neutral",
      "sounds": [
        "sounds/block/spore_blossom/step1",
        "sounds/block/spore_blossom/step2",
        "sounds/block/spore_blossom/step3",
        "sounds/block/spore_blossom/step4",
        "sounds/block/spore_blossom/step5",
        "sounds/block/spore_blossom/step6"
      ]
    },
    "use.spore_blossom": {
      "category": "block",
      "sounds": [
        "sounds/block/spore_blossom/step1",
        "sounds/block/spore_blossom/step2",
        "sounds/block/spore_blossom/step3",
        "sounds/block/spore_blossom/step4",
        "sounds/block/spore_blossom/step5",
        "sounds/block/spore_blossom/step6"
      ]
    },
    "dig.azalea_leaves": {
      "category": "block",
      "sounds": [
        "sounds/block/azalea_leaves/break1",
        "sounds/block/azalea_leaves/break2",
        "sounds/block/azalea_leaves/break3",
        "sounds/block/azalea_leaves/break4",
        "sounds/block/azalea_leaves/break5",
        "sounds/block/azalea_leaves/break6",
        "sounds/block/azalea_leaves/break7"
      ]
    },
    "fall.azalea_leaves": {
      "category": "neutral",
      "sounds": [
        "sounds/block/azalea_leaves/step1",
        "sounds/block/azalea_leaves/step2",
        "sounds/block/azalea_leaves/step3",
        "sounds/block/azalea_leaves/step4",
        "sounds/block/azalea_leaves/step5"
      ]
    },
    "hit.azalea_leaves": {
      "category": "block",
      "sounds": [
        {
          "name": "sounds/block/azalea_leaves/step1",
          "volume": 0.83,
          "pitch": 1.3
        },
        {
          "name": "sounds/block/azalea_leaves/step2",
          "volume": 0.83,
          "pitch": 1.3
        },
        {
          "name": "sounds/block/azalea_leaves/step3",
          "volume": 0.83,
          "pitch": 1.3
        },
        {
          "name": "sounds/block/azalea_leaves/step4",
          "volume": 0.83,
          "pitch": 1.3
        },
        {
          "name": "sounds/block/azalea_leaves/step5",
          "volume": 0.83,
          "pitch": 1.3
        }
      ]
    },
    "place.azalea_leaves": {
      "category": "block",
      "sounds": [
        "sounds/block/azalea_leaves/break1",
        "sounds/block/azalea_leaves/break2",
        "sounds/block/azalea_leaves/break3",
        "sounds/block/azalea_leaves/break4",
        "sounds/block/azalea_leaves/break5",
        "sounds/block/azalea_leaves/break6",
        "sounds/block/azalea_leaves/break7"
      ]
    },
    "step.azalea_leaves": {
      "category": "neutral",
      "sounds": [
        "sounds/block/azalea_leaves/step1",
        "sounds/block/azalea_leaves/step2",
        "sounds/block/azalea_leaves/step3",
        "sounds/block/azalea_leaves/step4",
        "sounds/block/azalea_leaves/step5"
      ]
    },
    "break.azalea": {
      "category": "block",
      "sounds": [
        "sounds/block/azalea/break1",
        "sounds/block/azalea/break2",
        "sounds/block/azalea/break3",
        "sounds/block/azalea/break4",
        "sounds/block/azalea/break5",
        "sounds/block/azalea/break6"
      ]
    },
    "fall.azalea": {
      "category": "neutral",
      "sounds": [
        "sounds/block/azalea/step1",
        "sounds/block/azalea/step2",
        "sounds/block/azalea/step3",
        "sounds/block/azalea/step4",
        "sounds/block/azalea/step5",
        "sounds/block/azalea/step6"
      ]
    },
    "hit.azalea": {
      "category": "block",
      "sounds": [
        "sounds/block/azalea/step1",
        "sounds/block/azalea/step2",
        "sounds/block/azalea/step3",
        "sounds/block/azalea/step4",
        "sounds/block/azalea/step5",
        "sounds/block/azalea/step6"
      ]
    },
    "jump.azalea": {
      "category": "neutral",
      "sounds": [
        "sounds/block/azalea/step1",
        "sounds/block/azalea/step2",
        "sounds/block/azalea/step3",
        "sounds/block/azalea/step4",
        "sounds/block/azalea/step5",
        "sounds/block/azalea/step6"
      ]
    },
    "land.azalea": {
      "category": "neutral",
      "sounds": [
        "sounds/block/azalea/step1",
        "sounds/block/azalea/step2",
        "sounds/block/azalea/step3",
        "sounds/block/azalea/step4",
        "sounds/block/azalea/step5",
        "sounds/block/azalea/step6"
      ]
    },
    "place.azalea": {
      "category": "block",
      "sounds": [
        "sounds/block/azalea/break1",
        "sounds/block/azalea/break2",
        "sounds/block/azalea/break3",
        "sounds/block/azalea/break4",
        "sounds/block/azalea/break5",
        "sounds/block/azalea/break6"
      ]
    },
    "step.azalea": {
      "category": "neutral",
      "sounds": [
        "sounds/block/azalea/step1",
        "sounds/block/azalea/step2",
        "sounds/block/azalea/step3",
        "sounds/block/azalea/step4",
        "sounds/block/azalea/step5",
        "sounds/block/azalea/step6"
      ]
    },
    "use.cave_vines": {
      "category": "block",
      "sounds": [
        "sounds/step/vines1",
        "sounds/step/vines2",
        "sounds/step/vines3",
        "sounds/step/vines4",
        "sounds/step/vines5"
      ]
    },
    "dig.cave_vines": {
      "category": "block",
      "sounds": [
        "sounds/block/cave_vines/break1",
        "sounds/block/cave_vines/break2",
        "sounds/block/cave_vines/break3",
        "sounds/block/cave_vines/break4",
        "sounds/block/cave_vines/break5"
      ]
    },
    "hit.cave_vines": {
      "category": "block",
      "sounds": [
        "sounds/step/vines1",
        "sounds/step/vines2",
        "sounds/step/vines3",
        "sounds/step/vines4",
        "sounds/step/vines5"
      ]
    },
    "fall.cave_vines": {
      "category": "neutral",
      "sounds": [
        "sounds/step/vines1",
        "sounds/step/vines2",
        "sounds/step/vines3",
        "sounds/step/vines4",
        "sounds/step/vines5"
      ]
    },
    "step.cave_vines": {
      "category": "neutral",
      "sounds": [
        "sounds/step/vines1",
        "sounds/step/vines2",
        "sounds/step/vines3",
        "sounds/step/vines4",
        "sounds/step/vines5"
      ]
    },
    "jump.cave_vines": {
      "category": "neutral",
      "sounds": [
        "sounds/step/vines1",
        "sounds/step/vines2",
        "sounds/step/vines3",
        "sounds/step/vines4",
        "sounds/step/vines5"
      ]
    },
    "land.cave_vines": {
      "category": "neutral",
      "sounds": [
        "sounds/step/vines1",
        "sounds/step/vines2",
        "sounds/step/vines3",
        "sounds/step/vines4",
        "sounds/step/vines5"
      ]
    },
    "pick_berries.cave_vines": {
      "category": "block",
      "sounds": [
        "sounds/block/sweet_berry_bush/pick_from_bush1",
        "sounds/block/sweet_berry_bush/pick_from_bush2"
      ]
    },
    "use.moss": {
      "category": "block",
      "sounds": [
        "sounds/block/moss/step1",
        "sounds/block/moss/step2",
        "sounds/block/moss/step3",
        "sounds/block/moss/step4",
        "sounds/block/moss/step5",
        "sounds/block/moss/step6"
      ]
    },
    "dig.moss": {
      "category": "block",
      "sounds": [
        "sounds/block/moss/break1",
        "sounds/block/moss/break2",
        "sounds/block/moss/break3",
        "sounds/block/moss/break4",
        "sounds/block/moss/break5"
      ]
    },
    "hit.moss": {
      "category": "block",
      "sounds": [
        "sounds/block/moss/step1",
        "sounds/block/moss/step2",
        "sounds/block/moss/step3",
        "sounds/block/moss/step4",
        "sounds/block/moss/step5",
        "sounds/block/moss/step6"
      ]
    },
    "fall.moss": {
      "category": "neutral",
      "sounds": [
        "sounds/block/moss/step1",
        "sounds/block/moss/step2",
        "sounds/block/moss/step3",
        "sounds/block/moss/step4",
        "sounds/block/moss/step5",
        "sounds/block/moss/step6"
      ]
    },
    "step.moss": {
      "category": "neutral",
      "sounds": [
        "sounds/block/moss/step1",
        "sounds/block/moss/step2",
        "sounds/block/moss/step3",
        "sounds/block/moss/step4",
        "sounds/block/moss/step5",
        "sounds/block/moss/step6"
      ]
    },
    "place.moss": {
      "category": "block",
      "sounds": [
        "sounds/block/moss/break1",
        "sounds/block/moss/break2",
        "sounds/block/moss/break3",
        "sounds/block/moss/break4",
        "sounds/block/moss/break5"
      ]
    },
    "land.moss": {
      "category": "neutral",
      "sounds": [
        "sounds/block/moss/step1",
        "sounds/block/moss/step2",
        "sounds/block/moss/step3",
        "sounds/block/moss/step4",
        "sounds/block/moss/step5",
        "sounds/block/moss/step6"
      ]
    },
    "jump.moss": {
      "category": "neutral",
      "sounds": [
        "sounds/block/moss/step1",
        "sounds/block/moss/step2",
        "sounds/block/moss/step3",
        "sounds/block/moss/step4",
        "sounds/block/moss/step5",
        "sounds/block/moss/step6"
      ]
    },
    "item.spyglass.use": {
      "category": "player",
      "sounds": [
        "sounds/item/spyglass/use"
      ]
    },
    "item.spyglass.stop_using": {
      "category": "player",
      "sounds": [
        "sounds/item/spyglass/stop"
      ]
    },
    "break.amethyst_block": {
      "category": "block",
      "sounds": [
        {
          "name": "sounds/block/amethyst/break1",
          "volume": 1
        },
        {
          "name": "sounds/block/amethyst/break2",
          "volume": 1
        },
        {
          "name": "sounds/block/amethyst/break3",
          "volume": 1
        },
        {
          "name": "sounds/block/amethyst/break4",
          "volume": 1
        }
      ]
    },
    "chime.amethyst_block": {
      "category": "block",
      "sounds": [
        {
          "name": "sounds/block/amethyst/shimmer",
          "volume": 1
        }
      ]
    },
    "fall.amethyst_block": {
      "category": "block",
      "sounds": [
        {
          "name": "sounds/block/amethyst/step1",
          "volume": 1
        },
        {
          "name": "sounds/block/amethyst/step2",
          "volume": 1
        },
        {
          "name": "sounds/block/amethyst/step3",
          "volume": 1
        },
        {
          "name": "sounds/block/amethyst/step4",
          "volume": 1
        },
        {
          "name": "sounds/block/amethyst/step5",
          "volume": 1
        },
        {
          "name": "sounds/block/amethyst/step6",
          "volume": 1
        },
        {
          "name": "sounds/block/amethyst/step7",
          "volume": 1
        },
        {
          "name": "sounds/block/amethyst/step8",
          "volume": 1
        },
        {
          "name": "sounds/block/amethyst/step9",
          "volume": 1
        },
        {
          "name": "sounds/block/amethyst/step10",
          "volume": 1
        },
        {
          "name": "sounds/block/amethyst/step11",
          "volume": 1
        },
        {
          "name": "sounds/block/amethyst/step12",
          "volume": 1
        },
        {
          "name": "sounds/block/amethyst/step14",
          "volume": 1
        }
      ]
    },
    "hit.amethyst_block": {
      "category": "block",
      "sounds": [
        {
          "name": "sounds/block/amethyst/step1",
          "volume": 1
        },
        {
          "name": "sounds/block/amethyst/step2",
          "volume": 1
        },
        {
          "name": "sounds/block/amethyst/step3",
          "volume": 1
        },
        {
          "name": "sounds/block/amethyst/step4",
          "volume": 1
        },
        {
          "name": "sounds/block/amethyst/step5",
          "volume": 1
        },
        {
          "name": "sounds/block/amethyst/step6",
          "volume": 1
        },
        {
          "name": "sounds/block/amethyst/step7",
          "volume": 1
        },
        {
          "name": "sounds/block/amethyst/step8",
          "volume": 1
        },
        {
          "name": "sounds/block/amethyst/step9",
          "volume": 1
        },
        {
          "name": "sounds/block/amethyst/step10",
          "volume": 1
        },
        {
          "name": "sounds/block/amethyst/step11",
          "volume": 1
        },
        {
          "name": "sounds/block/amethyst/step12",
          "volume": 1
        }
      ]
    },
    "place.amethyst_block": {
      "category": "block",
      "sounds": [
        {
          "name": "sounds/block/amethyst/place1",
          "volume": 1
        },
        {
          "name": "sounds/block/amethyst/place2",
          "volume": 1
        },
        {
          "name": "sounds/block/amethyst/place3",
          "volume": 1
        },
        {
          "name": "sounds/block/amethyst/place4",
          "volume": 1
        }
      ]
    },
    "step.amethyst_block": {
      "category": "block",
      "sounds": [
        {
          "name": "sounds/block/amethyst/step1",
          "volume": 1
        },
        {
          "name": "sounds/block/amethyst/step2",
          "volume": 1
        },
        {
          "name": "sounds/block/amethyst/step3",
          "volume": 1
        },
        {
          "name": "sounds/block/amethyst/step4",
          "volume": 1
        },
        {
          "name": "sounds/block/amethyst/step5",
          "volume": 1
        },
        {
          "name": "sounds/block/amethyst/step6",
          "volume": 1
        },
        {
          "name": "sounds/block/amethyst/step7",
          "volume": 1
        },
        {
          "name": "sounds/block/amethyst/step8",
          "volume": 1
        },
        {
          "name": "sounds/block/amethyst/step9",
          "volume": 1
        },
        {
          "name": "sounds/block/amethyst/step10",
          "volume": 1
        },
        {
          "name": "sounds/block/amethyst/step11",
          "volume": 1
        },
        {
          "name": "sounds/block/amethyst/step12",
          "volume": 1
        },
        {
          "name": "sounds/block/amethyst/step13",
          "volume": 1
        },
        {
          "name": "sounds/block/amethyst/step14",
          "volume": 1
        }
      ]
    },
    "break.amethyst_cluster": {
      "category": "block",
      "sounds": [
        {
          "name": "sounds/block/amethyst_cluster/break1",
          "pitch": 0.8,
          "volume": 0.8
        },
        {
          "name": "sounds/block/amethyst_cluster/break2",
          "pitch": 0.8,
          "volume": 0.8
        },
        {
          "name": "sounds/block/amethyst_cluster/break3",
          "pitch": 0.8,
          "volume": 0.8
        },
        {
          "name": "sounds/block/amethyst_cluster/break4",
          "pitch": 0.8,
          "volume": 0.8
        }
      ]
    },
    "fall.amethyst_cluster": {
      "category": "block",
      "sounds": [
        {
          "name": "sounds/block/amethyst/step1",
          "volume": 1
        },
        {
          "name": "sounds/block/amethyst/step2",
          "volume": 1
        },
        {
          "name": "sounds/block/amethyst/step3",
          "volume": 1
        },
        {
          "name": "sounds/block/amethyst/step4",
          "volume": 1
        },
        {
          "name": "sounds/block/amethyst/step5",
          "volume": 1
        },
        {
          "name": "sounds/block/amethyst/step6",
          "volume": 1
        },
        {
          "name": "sounds/block/amethyst/step7",
          "volume": 1
        },
        {
          "name": "sounds/block/amethyst/step8",
          "volume": 1
        },
        {
          "name": "sounds/block/amethyst/step9",
          "volume": 1
        },
        {
          "name": "sounds/block/amethyst/step10",
          "volume": 1
        },
        {
          "name": "sounds/block/amethyst/step11",
          "volume": 1
        },
        {
          "name": "sounds/block/amethyst/step12",
          "volume": 1
        },
        {
          "name": "sounds/block/amethyst/step14",
          "volume": 1
        }
      ]
    },
    "hit.amethyst_cluster": {
      "category": "block",
      "sounds": [
        {
          "name": "sounds/block/amethyst/step1",
          "volume": 1
        },
        {
          "name": "sounds/block/amethyst/step2",
          "volume": 1
        },
        {
          "name": "sounds/block/amethyst/step3",
          "volume": 1
        },
        {
          "name": "sounds/block/amethyst/step4",
          "volume": 1
        },
        {
          "name": "sounds/block/amethyst/step5",
          "volume": 1
        },
        {
          "name": "sounds/block/amethyst/step6",
          "volume": 1
        },
        {
          "name": "sounds/block/amethyst/step7",
          "volume": 1
        },
        {
          "name": "sounds/block/amethyst/step8",
          "volume": 1
        },
        {
          "name": "sounds/block/amethyst/step9",
          "volume": 1
        },
        {
          "name": "sounds/block/amethyst/step10",
          "volume": 1
        },
        {
          "name": "sounds/block/amethyst/step11",
          "volume": 1
        },
        {
          "name": "sounds/block/amethyst/step12",
          "volume": 1
        }
      ]
    },
    "place.amethyst_cluster": {
      "category": "block",
      "sounds": [
        {
          "name": "sounds/block/amethyst_cluster/place1",
          "volume": 0.9
        },
        {
          "name": "sounds/block/amethyst_cluster/place2",
          "volume": 0.9
        },
        {
          "name": "sounds/block/amethyst_cluster/place3",
          "volume": 0.9
        },
        {
          "name": "sounds/block/amethyst_cluster/place4",
          "volume": 0.9
        }
      ]
    },
    "step.amethyst_cluster": {
      "category": "block",
      "sounds": [
        {
          "name": "sounds/block/amethyst/step1",
          "volume": 1
        },
        {
          "name": "sounds/block/amethyst/step2",
          "volume": 1
        },
        {
          "name": "sounds/block/amethyst/step3",
          "volume": 1
        },
        {
          "name": "sounds/block/amethyst/step4",
          "volume": 1
        },
        {
          "name": "sounds/block/amethyst/step5",
          "volume": 1
        },
        {
          "name": "sounds/block/amethyst/step6",
          "volume": 1
        },
        {
          "name": "sounds/block/amethyst/step7",
          "volume": 1
        },
        {
          "name": "sounds/block/amethyst/step8",
          "volume": 1
        },
        {
          "name": "sounds/block/amethyst/step9",
          "volume": 1
        },
        {
          "name": "sounds/block/amethyst/step10",
          "volume": 1
        },
        {
          "name": "sounds/block/amethyst/step11",
          "volume": 1
        },
        {
          "name": "sounds/block/amethyst/step12",
          "volume": 1
        },
        {
          "name": "sounds/block/amethyst/step13",
          "volume": 1
        },
        {
          "name": "sounds/block/amethyst/step14",
          "volume": 1
        }
      ]
    },
    "break.large_amethyst_bud": {
      "category": "block",
      "sounds": [
        {
          "name": "sounds/block/amethyst_cluster/break1",
          "pitch": 0.85,
          "volume": 0.7
        },
        {
          "name": "sounds/block/amethyst_cluster/break2",
          "pitch": 0.85,
          "volume": 0.7
        },
        {
          "name": "sounds/block/amethyst_cluster/break3",
          "pitch": 0.85,
          "volume": 0.7
        },
        {
          "name": "sounds/block/amethyst_cluster/break4",
          "pitch": 0.85,
          "volume": 0.7
        }
      ]
    },
    "place.large_amethyst_bud": {
      "category": "block",
      "sounds": [
        {
          "name": "sounds/block/amethyst_cluster/place1",
          "volume": 0.75
        },
        {
          "name": "sounds/block/amethyst_cluster/place2",
          "volume": 0.75
        },
        {
          "name": "sounds/block/amethyst_cluster/place3",
          "volume": 0.75
        },
        {
          "name": "sounds/block/amethyst_cluster/place4",
          "volume": 0.75
        }
      ]
    },
    "break.medium_amethyst_bud": {
      "category": "block",
      "sounds": [
        {
          "name": "sounds/block/amethyst_cluster/break1",
          "pitch": 0.95,
          "volume": 0.55
        },
        {
          "name": "sounds/block/amethyst_cluster/break2",
          "pitch": 0.95,
          "volume": 0.55
        },
        {
          "name": "sounds/block/amethyst_cluster/break3",
          "pitch": 0.95,
          "volume": 0.55
        },
        {
          "name": "sounds/block/amethyst_cluster/break4",
          "pitch": 0.95,
          "volume": 0.55
        }
      ]
    },
    "place.medium_amethyst_bud": {
      "category": "block",
      "sounds": [
        {
          "name": "sounds/block/amethyst_cluster/place1",
          "pitch:": 1.1,
          "volume": 0.5
        },
        {
          "name": "sounds/block/amethyst_cluster/place2",
          "pitch:": 1.1,
          "volume": 0.5
        },
        {
          "name": "sounds/block/amethyst_cluster/place3",
          "pitch:": 1.1,
          "volume": 0.5
        },
        {
          "name": "sounds/block/amethyst_cluster/place4",
          "pitch:": 1.1,
          "volume": 0.5
        }
      ]
    },
    "break.small_amethyst_bud": {
      "category": "block",
      "sounds": [
        {
          "name": "sounds/block/amethyst_cluster/break1",
          "volume": 0.4
        },
        {
          "name": "sounds/block/amethyst_cluster/break2",
          "volume": 0.4
        },
        {
          "name": "sounds/block/amethyst_cluster/break3",
          "volume": 0.4
        },
        {
          "name": "sounds/block/amethyst_cluster/break4",
          "volume": 0.4
        }
      ]
    },
    "place.small_amethyst_bud": {
      "category": "block",
      "sounds": [
        {
          "name": "sounds/block/amethyst_cluster/place1",
          "pitch:": 1.2,
          "volume": 0.4
        },
        {
          "name": "sounds/block/amethyst_cluster/place2",
          "pitch:": 1.2,
          "volume": 0.4
        },
        {
          "name": "sounds/block/amethyst_cluster/place3",
          "pitch:": 1.2,
          "volume": 0.4
        },
        {
          "name": "sounds/block/amethyst_cluster/place4",
          "pitch:": 1.2,
          "volume": 0.4
        }
      ]
    },
    "break.tuff": {
      "category": "block",
      "sounds": [
        {
          "name": "sounds/block/tuff/break1",
          "volume": 1
        },
        {
          "name": "sounds/block/tuff/break2",
          "volume": 1
        },
        {
          "name": "sounds/block/tuff/break3",
          "volume": 1
        },
        {
          "name": "sounds/block/tuff/break4",
          "volume": 1
        }
      ]
    },
    "step.tuff": {
      "category": "block",
      "sounds": [
        {
          "name": "sounds/block/tuff/step1",
          "volume": 1
        },
        {
          "name": "sounds/block/tuff/step2",
          "volume": 1
        },
        {
          "name": "sounds/block/tuff/step3",
          "volume": 1
        },
        {
          "name": "sounds/block/tuff/step4",
          "volume": 1
        },
        {
          "name": "sounds/block/tuff/step5",
          "volume": 1
        },
        {
          "name": "sounds/block/tuff/step6",
          "volume": 1
        }
      ]
    },
    "place.tuff": {
      "category": "block",
      "sounds": [
        {
          "name": "sounds/block/tuff/break1",
          "volume": 1
        },
        {
          "name": "sounds/block/tuff/break2",
          "volume": 1
        },
        {
          "name": "sounds/block/tuff/break3",
          "volume": 1
        },
        {
          "name": "sounds/block/tuff/break4",
          "volume": 1
        }
      ]
    },
    "hit.tuff": {
      "category": "block",
      "sounds": [
        {
          "name": "sounds/block/tuff/step1",
          "volume": 1
        },
        {
          "name": "sounds/block/tuff/step2",
          "volume": 1
        },
        {
          "name": "sounds/block/tuff/step3",
          "volume": 1
        },
        {
          "name": "sounds/block/tuff/step4",
          "volume": 1
        },
        {
          "name": "sounds/block/tuff/step5",
          "volume": 1
        },
        {
          "name": "sounds/block/tuff/step6",
          "volume": 1
        }
      ]
    },
    "fall.tuff": {
      "category": "block",
      "sounds": [
        {
          "name": "sounds/block/tuff/step1",
          "volume": 1
        },
        {
          "name": "sounds/block/tuff/step2",
          "volume": 1
        },
        {
          "name": "sounds/block/tuff/step3",
          "volume": 1
        },
        {
          "name": "sounds/block/tuff/step4",
          "volume": 1
        },
        {
          "name": "sounds/block/tuff/step5",
          "volume": 1
        },
        {
          "name": "sounds/block/tuff/step6",
          "volume": 1
        }
      ]
    },
    "break.calcite": {
      "category": "block",
      "sounds": [
        {
          "name": "sounds/block/calcite/break1",
          "volume": 0.9
        },
        {
          "name": "sounds/block/calcite/break2",
          "volume": 0.9
        },
        {
          "name": "sounds/block/calcite/break3",
          "volume": 0.9
        },
        {
          "name": "sounds/block/calcite/break4",
          "volume": 0.9
        }
      ]
    },
    "step.calcite": {
      "category": "block",
      "sounds": [
        {
          "name": "sounds/block/calcite/step1",
          "volume": 1
        },
        {
          "name": "sounds/block/calcite/step2",
          "volume": 1
        },
        {
          "name": "sounds/block/calcite/step3",
          "volume": 1
        },
        {
          "name": "sounds/block/calcite/step4",
          "volume": 1
        },
        {
          "name": "sounds/block/calcite/step5",
          "volume": 1
        },
        {
          "name": "sounds/block/calcite/step6",
          "volume": 1
        }
      ]
    },
    "place.calcite": {
      "category": "block",
      "sounds": [
        {
          "name": "sounds/block/calcite/place1",
          "volume": 0.94
        },
        {
          "name": "sounds/block/calcite/place2",
          "volume": 0.94
        },
        {
          "name": "sounds/block/calcite/place3",
          "volume": 0.94
        },
        {
          "name": "sounds/block/calcite/place4",
          "volume": 0.94
        }
      ]
    },
    "hit.calcite": {
      "category": "block",
      "sounds": [
        {
          "name": "sounds/block/calcite/step1",
          "volume": 1
        },
        {
          "name": "sounds/block/calcite/step2",
          "volume": 1
        },
        {
          "name": "sounds/block/calcite/step3",
          "volume": 1
        },
        {
          "name": "sounds/block/calcite/step4",
          "volume": 1
        },
        {
          "name": "sounds/block/calcite/step5",
          "volume": 1
        },
        {
          "name": "sounds/block/calcite/step6",
          "volume": 1
        }
      ]
    },
    "fall.calcite": {
      "category": "block",
      "sounds": [
        {
          "name": "sounds/block/calcite/step1",
          "volume": 1
        },
        {
          "name": "sounds/block/calcite/step2",
          "volume": 1
        },
        {
          "name": "sounds/block/calcite/step3",
          "volume": 1
        },
        {
          "name": "sounds/block/calcite/step4",
          "volume": 1
        },
        {
          "name": "sounds/block/calcite/step5",
          "volume": 1
        },
        {
          "name": "sounds/block/calcite/step6",
          "volume": 1
        }
      ]
    },
    "item.bone_meal.use": {
      "category": "block",
      "sounds": [
        "sounds/item/bonemeal/bonemeal1",
        "sounds/item/bonemeal/bonemeal2",
        "sounds/item/bonemeal/bonemeal3",
        "sounds/item/bonemeal/bonemeal4",
        "sounds/item/bonemeal/bonemeal5"
      ]
    },
    "mob.squid.ink_squirt": {
      "category": "neutral",
      "sounds": [
        "sounds/mob/squid/squirt1",
        "sounds/mob/squid/squirt2",
        "sounds/mob/squid/squirt3"
      ]
    },
    "mob.skeleton.convert_to_stray": {
      "category": "neutral",
      "sounds": [
        "sounds/mob/stray/convert1",
        "sounds/mob/stray/convert2",
        "sounds/mob/stray/convert3"
      ]
    }
  }
}