{
    "content": [
        {
            "path": "blocks.json"
        },
        {
            "path": "manifest.json"
        },
        {
            "path": "sounds.json"
        },
        {
            "path": "animations/sniffer.animation.json"
        },
        {
            "path": "animation_controllers/sniffer.animation_controllers.json"
        },
        {
            "path": "entity/sniffer.entity.json"
        },
        {
            "path": "items/torchflower_seeds.json"
        },
        {
            "path": "materials/entity.material"
        },
        {
            "path": "models/entity/sniffer.geo.json"
        },
        {
            "path": "render_controllers/sniffer.render_controllers.json"
        },
        {
            "path": "sounds/sound_definitions.json"
        },
        {
            "path": "sounds/mob/sniffer/death1.fsb"
        },
        {
            "path": "sounds/mob/sniffer/death2.fsb"
        },
        {
            "path": "sounds/mob/sniffer/digging_stop1.fsb"
        },
        {
            "path": "sounds/mob/sniffer/digging_stop2.fsb"
        },
        {
            "path": "sounds/mob/sniffer/eat1.fsb"
        },
        {
            "path": "sounds/mob/sniffer/eat2.fsb"
        },
        {
            "path": "sounds/mob/sniffer/eat3.fsb"
        },
        {
            "path": "sounds/mob/sniffer/happy1.fsb"
        },
        {
            "path": "sounds/mob/sniffer/happy2.fsb"
        },
        {
            "path": "sounds/mob/sniffer/happy3.fsb"
        },
        {
            "path": "sounds/mob/sniffer/happy4.fsb"
        },
        {
            "path": "sounds/mob/sniffer/happy5.fsb"
        },
        {
            "path": "sounds/mob/sniffer/hurt1.fsb"
        },
        {
            "path": "sounds/mob/sniffer/hurt2.fsb"
        },
        {
            "path": "sounds/mob/sniffer/hurt3.fsb"
        },
        {
            "path": "sounds/mob/sniffer/idle1.fsb"
        },
        {
            "path": "sounds/mob/sniffer/idle10.fsb"
        },
        {
            "path": "sounds/mob/sniffer/idle11.fsb"
        },
        {
            "path": "sounds/mob/sniffer/idle2.fsb"
        },
        {
            "path": "sounds/mob/sniffer/idle3.fsb"
        },
        {
            "path": "sounds/mob/sniffer/idle4.fsb"
        },
        {
            "path": "sounds/mob/sniffer/idle5.fsb"
        },
        {
            "path": "sounds/mob/sniffer/idle6.fsb"
        },
        {
            "path": "sounds/mob/sniffer/idle7.fsb"
        },
        {
            "path": "sounds/mob/sniffer/idle8.fsb"
        },
        {
            "path": "sounds/mob/sniffer/idle9.fsb"
        },
        {
            "path": "sounds/mob/sniffer/longdig1.fsb"
        },
        {
            "path": "sounds/mob/sniffer/longdig2.fsb"
        },
        {
            "path": "sounds/mob/sniffer/scenting1.fsb"
        },
        {
            "path": "sounds/mob/sniffer/scenting2.fsb"
        },
        {
            "path": "sounds/mob/sniffer/scenting3.fsb"
        },
        {
            "path": "sounds/mob/sniffer/searching1.fsb"
        },
        {
            "path": "sounds/mob/sniffer/searching2.fsb"
        },
        {
            "path": "sounds/mob/sniffer/searching3.fsb"
        },
        {
            "path": "sounds/mob/sniffer/searching4.fsb"
        },
        {
            "path": "sounds/mob/sniffer/searching5.fsb"
        },
        {
            "path": "sounds/mob/sniffer/searching6.fsb"
        },
        {
            "path": "sounds/mob/sniffer/sniffing1.fsb"
        },
        {
            "path": "sounds/mob/sniffer/sniffing2.fsb"
        },
        {
            "path": "sounds/mob/sniffer/sniffing3.fsb"
        },
        {
            "path": "sounds/mob/sniffer/step1.fsb"
        },
        {
            "path": "sounds/mob/sniffer/step2.fsb"
        },
        {
            "path": "sounds/mob/sniffer/step3.fsb"
        },
        {
            "path": "sounds/mob/sniffer/step4.fsb"
        },
        {
            "path": "sounds/mob/sniffer/step5.fsb"
        },
        {
            "path": "sounds/mob/sniffer/step6.fsb"
        },
        {
            "path": "texts/bg_BG.lang"
        },
        {
            "path": "texts/cs_CZ.lang"
        },
        {
            "path": "texts/da_DK.lang"
        },
        {
            "path": "texts/de_DE.lang"
        },
        {
            "path": "texts/el_GR.lang"
        },
        {
            "path": "texts/en_GB.lang"
        },
        {
            "path": "texts/en_US.lang"
        },
        {
            "path": "texts/es_ES.lang"
        },
        {
            "path": "texts/es_MX.lang"
        },
        {
            "path": "texts/fi_FI.lang"
        },
        {
            "path": "texts/fr_CA.lang"
        },
        {
            "path": "texts/fr_FR.lang"
        },
        {
            "path": "texts/hu_HU.lang"
        },
        {
            "path": "texts/id_ID.lang"
        },
        {
            "path": "texts/it_IT.lang"
        },
        {
            "path": "texts/ja_JP.lang"
        },
        {
            "path": "texts/ko_KR.lang"
        },
        {
            "path": "texts/nb_NO.lang"
        },
        {
            "path": "texts/nl_NL.lang"
        },
        {
            "path": "texts/pl_PL.lang"
        },
        {
            "path": "texts/pt_BR.lang"
        },
        {
            "path": "texts/pt_PT.lang"
        },
        {
            "path": "texts/ru_RU.lang"
        },
        {
            "path": "texts/sk_SK.lang"
        },
        {
            "path": "texts/sv_SE.lang"
        },
        {
            "path": "texts/tr_TR.lang"
        },
        {
            "path": "texts/uk_UA.lang"
        },
        {
            "path": "texts/zh_CN.lang"
        },
        {
            "path": "texts/zh_TW.lang"
        },
        {
            "path": "textures/item_texture.json"
        },
        {
            "path": "textures/terrain_texture.json"
        },
        {
            "path": "textures/textures_list.json"
        },
        {
            "path": "textures/blocks/torchflower_crop_stage_0.png"
        },
        {
            "path": "textures/blocks/torchflower_crop_stage_1.png"
        },
        {
            "path": "textures/blocks/torchflower_crop_stage_2.png"
        },
        {
            "path": "textures/entity/sniffer/sniffer.png"
        },
        {
            "path": "textures/items/egg_sniffer.png"
        },
        {
            "path": "textures/items/torchflower_seeds.png"
        }
    ]
}
