{
  "format_version": "1.14.0",
  "sound_definitions": {
    "mob.camel.ambient": {
      "category": "neutral",
      "sounds": [
        {
          "name": "sounds/mob/camel/ambient1",
          "volume": 0.45
        },
        {
          "name": "sounds/mob/camel/ambient2",
          "volume": 0.45
        },
        {
          "name": "sounds/mob/camel/ambient3",
          "volume": 0.5
        },
        {
          "name": "sounds/mob/camel/ambient4",
          "volume": 0.5
        },
        {
          "name": "sounds/mob/camel/ambient5",
          "volume": 0.5
        },
        {
          "name": "sounds/mob/camel/ambient6",
          "volume": 0.5
        },
        {
          "name": "sounds/mob/camel/ambient7",
          "volume": 0.3
        },
        {
          "name": "sounds/mob/camel/ambient8",
          "volume": 0.3
        }
      ]
    },
    "mob.camel.dash": {
      "category": "neutral",
      "sounds": [
        "sounds/mob/camel/dash1",
        "sounds/mob/camel/dash2",
        "sounds/mob/camel/dash3",
        "sounds/mob/camel/dash4",
        "sounds/mob/camel/dash5",
        "sounds/mob/camel/dash6"
      ]
    },
    "mob.camel.dash_ready": {
      "category": "neutral",
      "sounds": [
        {
          "name": "sounds/mob/camel/dash_ready1",
          "volume": 0.25
        }
      ]
    },
    "mob.camel.death": {
      "category": "neutral",
      "sounds": [
        "sounds/mob/camel/death1",
        "sounds/mob/camel/death2"
      ]
    },
    "mob.camel.eat": {
      "category": "neutral",
      "sounds": [
        {
          "name": "sounds/mob/camel/eat1",
          "volume": 0.2
        },
        {
          "name": "sounds/mob/camel/eat2",
          "volume": 0.2
        },
        {
          "name": "sounds/mob/camel/eat3",
          "volume": 0.2
        },
        {
          "name": "sounds/mob/camel/eat4",
          "volume": 0.2
        },
        {
          "name": "sounds/mob/camel/eat5",
          "volume": 0.2
        }
      ]
    },
    "mob.camel.hurt": {
      "category": "neutral",
      "sounds": [
        "sounds/mob/camel/hurt1",
        "sounds/mob/camel/hurt2",
        "sounds/mob/camel/hurt3",
        "sounds/mob/camel/hurt4"
      ]
    },
    "mob.camel.sit": {
      "category": "neutral",
      "sounds": [
        {
          "name": "sounds/mob/camel/sit1",
          "volume": 0.3
        },
        {
          "name": "sounds/mob/camel/sit2",
          "volume": 0.3
        },
        {
          "name": "sounds/mob/camel/sit3",
          "volume": 0.3
        },
        {
          "name": "sounds/mob/camel/sit4",
          "volume": 0.3
        }
      ]
    },
    "mob.camel.stand": {
      "category": "neutral",
      "sounds": [
        {
          "name": "sounds/mob/camel/stand1",
          "volume": 0.3
        },
        {
          "name": "sounds/mob/camel/stand2",
          "volume": 0.3
        },
        {
          "name": "sounds/mob/camel/stand3",
          "volume": 0.3
        },
        {
          "name": "sounds/mob/camel/stand4",
          "volume": 0.3
        },
        {
          "name": "sounds/mob/camel/stand5",
          "volume": 0.3
        }
      ]
    },
    "mob.camel.step": {
      "category": "neutral",
      "sounds": [
        {
          "name": "sounds/mob/camel/step1",
          "volume": 0.5
        },
        {
          "name": "sounds/mob/camel/step2",
          "volume": 0.5
        },
        {
          "name": "sounds/mob/camel/step3",
          "volume": 0.5
        },
        {
          "name": "sounds/mob/camel/step4",
          "volume": 0.5
        },
        {
          "name": "sounds/mob/camel/step5",
          "volume": 0.5
        },
        {
          "name": "sounds/mob/camel/step6",
          "volume": 0.5
        }
      ]
    },
    "mob.camel.step_sand": {
      "category": "neutral",
      "sounds": [
        {
          "name": "sounds/mob/camel/step_sand1",
          "volume": 0.45
        },
        {
          "name": "sounds/mob/camel/step_sand2",
          "volume": 0.45
        },
        {
          "name": "sounds/mob/camel/step_sand3",
          "volume": 0.45
        },
        {
          "name": "sounds/mob/camel/step_sand4",
          "volume": 0.45
        },
        {
          "name": "sounds/mob/camel/step_sand5",
          "volume": 0.45
        },
        {
          "name": "sounds/mob/camel/step_sand6",
          "volume": 0.45
        }
      ]
    },
    "step.hanging_sign": {
      "category": "player",
      "sounds": [
        "sounds/block/hanging_sign/step1",
        "sounds/block/hanging_sign/step2",
        "sounds/block/hanging_sign/step3",
        "sounds/block/hanging_sign/step4"
      ]
    },
    "break.hanging_sign": {
      "category": "block",
      "sounds": [
        "sounds/block/hanging_sign/break1",
        "sounds/block/hanging_sign/break2",
        "sounds/block/hanging_sign/break3",
        "sounds/block/hanging_sign/break4"
      ]
    },
    "break.bamboo_wood": {
      "category": "block",
      "sounds": [
        {
          "name": "sounds/block/bamboo_wood/break1",
          "volume": 0.9
        },
        {
          "name": "sounds/block/bamboo_wood/break2",
          "volume": 0.9
        },
        {
          "name": "sounds/block/bamboo_wood/break3",
          "volume": 0.9
        },
        {
          "name": "sounds/block/bamboo_wood/break4",
          "volume": 0.9
        },
        {
          "name": "sounds/block/bamboo_wood/break5",
          "volume": 0.9
        }
      ]
    },
    "fall.bamboo_wood": {
      "category": "player",
      "sounds": [
        "sounds/block/bamboo_wood/step1",
        "sounds/block/bamboo_wood/step2",
        "sounds/block/bamboo_wood/step3",
        "sounds/block/bamboo_wood/step4",
        "sounds/block/bamboo_wood/step5",
        "sounds/block/bamboo_wood/step6"
      ]
    },
    "hit.bamboo_wood": {
      "category": "block",
      "sounds": [
        {
          "name": "sounds/block/bamboo_wood/step1",
          "volume": 0.9
        },
        {
          "name": "sounds/block/bamboo_wood/step2",
          "volume": 0.9
        },
        {
          "name": "sounds/block/bamboo_wood/step3",
          "volume": 0.9
        },
        {
          "name": "sounds/block/bamboo_wood/step4",
          "volume": 0.9
        },
        {
          "name": "sounds/block/bamboo_wood/step5",
          "volume": 0.9
        },
        {
          "name": "sounds/block/bamboo_wood/step6",
          "volume": 0.9
        }
      ]
    },
    "place.bamboo_wood": {
      "category": "block",
      "sounds": [
        {
          "name": "sounds/block/bamboo_wood/break1",
          "volume": 0.9
        },
        {
          "name": "sounds/block/bamboo_wood/break2",
          "volume": 0.9
        },
        {
          "name": "sounds/block/bamboo_wood/break3",
          "volume": 0.9
        },
        {
          "name": "sounds/block/bamboo_wood/break4",
          "volume": 0.9
        },
        {
          "name": "sounds/block/bamboo_wood/break5",
          "volume": 0.9
        }
      ]
    },
    "step.bamboo_wood": {
      "category": "player",
      "sounds": [
        "sounds/block/bamboo_wood/step1",
        "sounds/block/bamboo_wood/step2",
        "sounds/block/bamboo_wood/step3",
        "sounds/block/bamboo_wood/step4",
        "sounds/block/bamboo_wood/step5",
        "sounds/block/bamboo_wood/step6"
      ]
    },
    "click_off.bamboo_wood_button": {
      "category": "block",
      "sounds": [
        "sounds/block/bamboo_wood_button/bamboo_wood_button"
      ]
    },
    "click_on.bamboo_wood_button": {
      "category": "block",
      "sounds": [
        "sounds/block/bamboo_wood_button/bamboo_wood_button"
      ]
    },
    "close.bamboo_wood_door": {
      "category": "block",
      "sounds": [
        {
          "name": "sounds/block/bamboo_wood_door/toggle1",
          "volume": 0.9
        },
        {
          "name": "sounds/block/bamboo_wood_door/toggle2",
          "volume": 0.9
        },
        {
          "name": "sounds/block/bamboo_wood_door/toggle3",
          "volume": 0.9
        },
        {
          "name": "sounds/block/bamboo_wood_door/toggle4",
          "volume": 0.9
        }
      ]
    },
    "open.bamboo_wood_door": {
      "category": "block",
      "sounds": [
        {
          "name": "sounds/block/bamboo_wood_door/toggle1",
          "volume": 0.9
        },
        {
          "name": "sounds/block/bamboo_wood_door/toggle2",
          "volume": 0.9
        },
        {
          "name": "sounds/block/bamboo_wood_door/toggle3",
          "volume": 0.9
        },
        {
          "name": "sounds/block/bamboo_wood_door/toggle4",
          "volume": 0.9
        }
      ]
    },
    "close.bamboo_wood_fence_gate": {
      "category": "block",
      "sounds": [
        {
          "name": "sounds/block/bamboo_wood_fence/toggle1",
          "pitch": 1.1,
          "volume": 0.9
        },
        {
          "name": "sounds/block/bamboo_wood_fence/toggle2",
          "pitch": 1.1,
          "volume": 0.9
        },
        {
          "name": "sounds/block/bamboo_wood_fence/toggle3",
          "pitch": 1.1,
          "volume": 0.9
        },
        {
          "name": "sounds/block/bamboo_wood_fence/toggle4",
          "pitch": 1.1,
          "volume": 0.9
        }
      ]
    },
    "open.bamboo_wood_fence_gate": {
      "category": "block",
      "sounds": [
        {
          "name": "sounds/block/bamboo_wood_fence/toggle1",
          "pitch": 1.1,
          "volume": 0.9
        },
        {
          "name": "sounds/block/bamboo_wood_fence/toggle2",
          "pitch": 1.1,
          "volume": 0.9
        },
        {
          "name": "sounds/block/bamboo_wood_fence/toggle3",
          "pitch": 1.1,
          "volume": 0.9
        },
        {
          "name": "sounds/block/bamboo_wood_fence/toggle4",
          "pitch": 1.1,
          "volume": 0.9
        }
      ]
    },
    "click_off.bamboo_wood_pressure_plate": {
      "category": "block",
      "sounds": [
        {
          "name": "sounds/random/click",
          "pitch": 0.7,
          "volume": 0.3
        }
      ]
    },
    "click_on.bamboo_wood_pressure_plate": {
      "category": "block",
      "sounds": [
        {
          "name": "sounds/random/click",
          "pitch": 0.8,
          "volume": 0.3
        }
      ]
    },
    "close.bamboo_wood_trapdoor": {
      "category": "block",
      "sounds": [
        "sounds/block/bamboo_wood_trapdoor/toggle1",
        "sounds/block/bamboo_wood_trapdoor/toggle2",
        "sounds/block/bamboo_wood_trapdoor/toggle3",
        "sounds/block/bamboo_wood_trapdoor/toggle4"
      ]
    },
    "open.bamboo_wood_trapdoor": {
      "category": "block",
      "sounds": [
        "sounds/block/bamboo_wood_trapdoor/toggle1",
        "sounds/block/bamboo_wood_trapdoor/toggle2",
        "sounds/block/bamboo_wood_trapdoor/toggle3",
        "sounds/block/bamboo_wood_trapdoor/toggle4"
      ]
    },
    "break.chiseled_bookshelf": {
      "category": "block",
      "sounds": [
        {
          "name": "sounds/block/chiseled_bookshelf/break1",
          "volume": 1.0
        },
        {
          "name": "sounds/block/chiseled_bookshelf/break2",
          "volume": 1.0
        },
        {
          "name": "sounds/block/chiseled_bookshelf/break3",
          "volume": 1.0
        },
        {
          "name": "sounds/block/chiseled_bookshelf/break4",
          "volume": 1.0
        },
        {
          "name": "sounds/block/chiseled_bookshelf/break5",
          "volume": 1.0
        },
        {
          "name": "sounds/block/chiseled_bookshelf/break6",
          "volume": 1.0
        }
      ]
    },
    "hit.chiseled_bookshelf": {
      "category": "block",
      "sounds": [
        {
          "name": "sounds/block/chiseled_bookshelf/step1",
          "volume": 1.0
        },
        {
          "name": "sounds/block/chiseled_bookshelf/step2",
          "volume": 1.0
        },
        {
          "name": "sounds/block/chiseled_bookshelf/step3",
          "volume": 1.0
        },
        {
          "name": "sounds/block/chiseled_bookshelf/step4",
          "volume": 1.0
        },
        {
          "name": "sounds/block/chiseled_bookshelf/step5",
          "volume": 1.0
        }
      ]
    },
    "place.chiseled_bookshelf": {
      "category": "block",
      "sounds": [
        {
          "name": "sounds/block/chiseled_bookshelf/break1",
          "volume": 1.0
        },
        {
          "name": "sounds/block/chiseled_bookshelf/break2",
          "volume": 1.0
        },
        {
          "name": "sounds/block/chiseled_bookshelf/break3",
          "volume": 1.0
        },
        {
          "name": "sounds/block/chiseled_bookshelf/break4",
          "volume": 1.0
        },
        {
          "name": "sounds/block/chiseled_bookshelf/break5",
          "volume": 1.0
        },
        {
          "name": "sounds/block/chiseled_bookshelf/break6",
          "volume": 1.0
        }
      ]
    },
    "step.chiseled_bookshelf": {
      "category": "player",
      "sounds": [
        {
          "name": "sounds/block/chiseled_bookshelf/step1",
          "volume": 1.0
        },
        {
          "name": "sounds/block/chiseled_bookshelf/step2",
          "volume": 1.0
        },
        {
          "name": "sounds/block/chiseled_bookshelf/step3",
          "volume": 1.0
        },
        {
          "name": "sounds/block/chiseled_bookshelf/step4",
          "volume": 1.0
        },
        {
          "name": "sounds/block/chiseled_bookshelf/step5",
          "volume": 1.0
        }
      ]
    },
    "insert.chiseled_bookshelf": {
      "category": "block",
      "sounds": [
        {
          "name": "sounds/block/chiseled_bookshelf/insert1",
          "volume": 0.8
        },
        {
          "name": "sounds/block/chiseled_bookshelf/insert1",
          "pitch": 0.85,
          "volume": 0.8
        },
        {
          "name": "sounds/block/chiseled_bookshelf/insert1",
          "pitch": 1.1,
          "volume": 0.8
        },
        {
          "name": "sounds/block/chiseled_bookshelf/insert2",
          "volume": 0.8
        },
        {
          "name": "sounds/block/chiseled_bookshelf/insert2",
          "pitch": 0.85,
          "volume": 0.8
        },
        {
          "name": "sounds/block/chiseled_bookshelf/insert2",
          "pitch": 1.1,
          "volume": 0.8
        },
        {
          "name": "sounds/block/chiseled_bookshelf/insert3",
          "volume": 0.8
        },
        {
          "name": "sounds/block/chiseled_bookshelf/insert3",
          "pitch": 0.85,
          "volume": 0.8
        },
        {
          "name": "sounds/block/chiseled_bookshelf/insert3",
          "pitch": 1.1,
          "volume": 0.8
        },
        {
          "name": "sounds/block/chiseled_bookshelf/insert4",
          "volume": 0.8
        },
        {
          "name": "sounds/block/chiseled_bookshelf/insert4",
          "pitch": 0.85,
          "volume": 0.8
        },
        {
          "name": "sounds/block/chiseled_bookshelf/insert4",
          "pitch": 1.1,
          "volume": 0.8
        }
      ]
    },
    "insert_enchanted.chiseled_bookshelf": {
      "category": "block",
      "sounds": [
        {
          "name": "sounds/block/chiseled_bookshelf/insert_enchanted1",
          "volume": 0.8
        },
        {
          "name": "sounds/block/chiseled_bookshelf/insert_enchanted1",
          "pitch": 0.85,
          "volume": 0.8
        },
        {
          "name": "sounds/block/chiseled_bookshelf/insert_enchanted1",
          "pitch": 1.1,
          "volume": 0.8
        },
        {
          "name": "sounds/block/chiseled_bookshelf/insert_enchanted2",
          "volume": 0.8
        },
        {
          "name": "sounds/block/chiseled_bookshelf/insert_enchanted2",
          "pitch": 0.85,
          "volume": 0.8
        },
        {
          "name": "sounds/block/chiseled_bookshelf/insert_enchanted2",
          "pitch": 1.1,
          "volume": 0.8
        },
        {
          "name": "sounds/block/chiseled_bookshelf/insert_enchanted3",
          "volume": 0.8
        },
        {
          "name": "sounds/block/chiseled_bookshelf/insert_enchanted3",
          "pitch": 0.85,
          "volume": 0.8
        },
        {
          "name": "sounds/block/chiseled_bookshelf/insert_enchanted3",
          "pitch": 1.1,
          "volume": 0.8
        },
        {
          "name": "sounds/block/chiseled_bookshelf/insert_enchanted4",
          "volume": 0.8
        },
        {
          "name": "sounds/block/chiseled_bookshelf/insert_enchanted4",
          "pitch": 0.85,
          "volume": 0.8
        },
        {
          "name": "sounds/block/chiseled_bookshelf/insert_enchanted4",
          "pitch": 1.1,
          "volume": 0.8
        }
      ]
    },
    "pickup.chiseled_bookshelf": {
      "category": "block",
      "sounds": [
        {
          "name": "sounds/block/chiseled_bookshelf/pickup1",
          "volume": 0.8
        },
        {
          "name": "sounds/block/chiseled_bookshelf/pickup1",
          "pitch": 0.8,
          "volume": 0.8
        },
        {
          "name": "sounds/block/chiseled_bookshelf/pickup1",
          "pitch": 1.1,
          "volume": 0.8
        },
        {
          "name": "sounds/block/chiseled_bookshelf/pickup2",
          "volume": 0.8
        },
        {
          "name": "sounds/block/chiseled_bookshelf/pickup2",
          "pitch": 0.8,
          "volume": 0.8
        },
        {
          "name": "sounds/block/chiseled_bookshelf/pickup2",
          "pitch": 1.1,
          "volume": 0.8
        },
        {
          "name": "sounds/block/chiseled_bookshelf/pickup3",
          "volume": 0.8
        },
        {
          "name": "sounds/block/chiseled_bookshelf/pickup3",
          "pitch": 0.8,
          "volume": 0.8
        },
        {
          "name": "sounds/block/chiseled_bookshelf/pickup3",
          "pitch": 1.1,
          "volume": 0.8
        }
      ]
    },
    "pickup_enchanted.chiseled_bookshelf": {
      "category": "block",
      "sounds": [
        {
          "name": "sounds/block/chiseled_bookshelf/pickup_enchanted1",
          "volume": 0.8
        },
        {
          "name": "sounds/block/chiseled_bookshelf/pickup_enchanted1",
          "pitch": 0.8,
          "volume": 0.8
        },
        {
          "name": "sounds/block/chiseled_bookshelf/pickup_enchanted1",
          "pitch": 1.1,
          "volume": 0.8
        },
        {
          "name": "sounds/block/chiseled_bookshelf/pickup_enchanted2",
          "volume": 0.8
        },
        {
          "name": "sounds/block/chiseled_bookshelf/pickup_enchanted2",
          "pitch": 0.8,
          "volume": 0.8
        },
        {
          "name": "sounds/block/chiseled_bookshelf/pickup_enchanted2",
          "pitch": 1.1,
          "volume": 0.8
        },
        {
          "name": "sounds/block/chiseled_bookshelf/pickup_enchanted3",
          "volume": 0.8
        },
        {
          "name": "sounds/block/chiseled_bookshelf/pickup_enchanted3",
          "pitch": 0.8,
          "volume": 0.8
        },
        {
          "name": "sounds/block/chiseled_bookshelf/pickup_enchanted3",
          "pitch": 1.1,
          "volume": 0.8
        }
      ]
    },
    "break.decorated_pot": {
      "category": "block",
      "sounds": [
        {
          "name": "sounds/block/decorated_pot/break1",
          "volume": 1.0
        },
        {
          "name": "sounds/block/decorated_pot/break2",
          "volume": 1.0
        },
        {
          "name": "sounds/block/decorated_pot/break3",
          "volume": 1.0
        },
        {
          "name": "sounds/block/decorated_pot/break4",
          "volume": 1.0
        }
      ]
    },
    "step.decorated_pot": {
      "category": "block",
      "sounds": [
        {
          "name": "sounds/block/decorated_pot/step1",
          "volume": 1.0
        },
        {
          "name": "sounds/block/decorated_pot/step2",
          "volume": 1.0
        },
        {
          "name": "sounds/block/decorated_pot/step3",
          "volume": 1.0
        },
        {
          "name": "sounds/block/decorated_pot/step4",
          "volume": 1.0
        },
        {
          "name": "sounds/block/decorated_pot/step5",
          "volume": 1.0
        }
      ]
    },
    "shatter.decorated_pot": {
      "category": "block",
      "sounds": [
        {
          "name": "sounds/block/decorated_pot/shatter1",
          "volume": 1.0
        },
        {
          "name": "sounds/block/decorated_pot/shatter2",
          "volume": 1.0
        },
        {
          "name": "sounds/block/decorated_pot/shatter3",
          "volume": 1.0
        },
        {
          "name": "sounds/block/decorated_pot/shatter4",
          "volume": 1.0
        },
        {
          "name": "sounds/block/decorated_pot/shatter5",
          "volume": 1.0
        },
        {
          "name": "sounds/block/decorated_pot/shatter6",
          "volume": 1.0
        }
      ]
    },
    "break.suspicious_sand": {
      "category": "block",
      "sounds": [
        "sounds/block/suspicious_sand/break1",
        "sounds/block/suspicious_sand/break2",
        "sounds/block/suspicious_sand/break3",
        "sounds/block/suspicious_sand/break4",
        "sounds/block/suspicious_sand/break5",
        "sounds/block/suspicious_sand/break6"
      ]
    },
    "hit.suspicious_sand": {
      "category": "block",
      "sounds": [
        "sounds/block/suspicious_sand/step1",
        "sounds/block/suspicious_sand/step2",
        "sounds/block/suspicious_sand/step3",
        "sounds/block/suspicious_sand/step4",
        "sounds/block/suspicious_sand/step5"
      ]
    },
    "place.suspicious_sand": {
      "category": "block",
      "sounds": [
        "sounds/block/suspicious_sand/place1",
        "sounds/block/suspicious_sand/place2",
        "sounds/block/suspicious_sand/place3",
        "sounds/block/suspicious_sand/place4",
        "sounds/block/suspicious_sand/place5"
      ]
    },
    "step.suspicious_sand": {
      "category": "player",
      "sounds": [
        "sounds/block/suspicious_sand/step1",
        "sounds/block/suspicious_sand/step2",
        "sounds/block/suspicious_sand/step3",
        "sounds/block/suspicious_sand/step4",
        "sounds/block/suspicious_sand/step5"
      ]
    },
    "brush.suspicious_sand": {
      "category": "player",
      "sounds": [
        "sounds/item/brush/brush_sand1",
        "sounds/item/brush/brush_sand2",
        "sounds/item/brush/brush_sand3",
        "sounds/item/brush/brush_sand4"
      ]
    },
    "brush_completed.suspicious_sand": {
      "category": "player",
      "sounds": [
        "sounds/item/brush/brush_completed1",
        "sounds/item/brush/brush_completed2",
        "sounds/item/brush/brush_completed3",
        "sounds/item/brush/brush_completed4",
        "sounds/item/brush/brush_completed5"
      ]
    },
    "note.enderdragon": {
      "category": "record",
      "max_distance": 48.0,
      "sounds": [
        "sounds/mob/enderdragon/growl1",
        "sounds/mob/enderdragon/growl2",
        "sounds/mob/enderdragon/growl3",
        "sounds/mob/enderdragon/growl4"
      ]
    },
    "note.skeleton": {
      "category": "record",
      "max_distance": 48.0,
      "sounds": [
        "sounds/mob/skeleton/step1",
        "sounds/mob/skeleton/step2",
        "sounds/mob/skeleton/step3",
        "sounds/mob/skeleton/step4"
      ]
    },
    "note.witherskeleton": {
      "category": "record",
      "max_distance": 48.0,
      "sounds": [
        "sounds/mob/skeleton/step1",
        "sounds/mob/skeleton/step2",
        "sounds/mob/skeleton/step3",
        "sounds/mob/skeleton/step4"
      ]
    },
    "note.zombie": {
      "category": "record",
      "max_distance": 48.0,
      "sounds": [
        "sounds/mob/zombie/say1",
        "sounds/mob/zombie/say2",
        "sounds/mob/zombie/say3"
      ]
    },
    "note.creeper": {
      "category": "record",
      "max_distance": 48.0,
      "sounds": [
        "sounds/random/fuse"
      ]
    },
    "note.piglin": {
      "category": "record",
      "max_distance": 48.0,
      "sounds": [
        "sounds/mob/piglin/angry1",
        "sounds/mob/piglin/angry2",
        "sounds/mob/piglin/angry3",
        "sounds/mob/piglin/angry4"
      ]
    }
  }
}
