{
  "piece_id": "a0f263b3-e093-4c85-aadb-3759417898ff",
  "piece_name": "standard_eyes",
  "piece_type": "persona_eyes",
  "texture_sources": [
    {
      "texture": "standard_neutral_and_blink.png",
      "tint_map": "standard_neutral_and_blink.tga",
      "use_face_uv": true,
      "animated": true,
      "frames": 2
    }
  ],
  "tint_base_color": {
    "r_color": "#0000F0",
    "b_color": "#F7F7E0",
    "a_color": "#FD6830"
  },
  "tint_color": {
    "r_color": "#0000F0",
    "b_color": "#F7F7E0",
    "a_color": "#FD6830"
  }
}