{
  "format_version": "1.14.0",
  "sound_definitions": {
    "mob.sniffer.death": {
      "category": "neutral",
      "sounds": [
        "sounds/mob/sniffer/death1",
        "sounds/mob/sniffer/death2"
      ]
    },
    "mob.sniffer.stand_up": {
      "category": "neutral",
      "sounds": [
        "sounds/mob/sniffer/digging_stop1",
        "sounds/mob/sniffer/digging_stop2"
      ]
    },
    "mob.sniffer.digging": {
      "category": "neutral",
      "sounds": [
        "sounds/mob/sniffer/longdig1",
        "sounds/mob/sniffer/longdig2"
      ]
    },
    "mob.sniffer.eat": {
      "category": "neutral",
      "sounds": [
        {
          "name": "sounds/mob/sniffer/eat1",
          "volume": 0.7
        },
        {
          "name": "sounds/mob/sniffer/eat2",
          "volume": 0.7
        },
        {
          "name": "sounds/mob/sniffer/eat3",
          "volume": 0.7
        }
      ]
    },
    "mob.sniffer.happy": {
      "category": "neutral",
      "sounds": [
        "sounds/mob/sniffer/happy1",
        "sounds/mob/sniffer/happy2",
        "sounds/mob/sniffer/happy3",
        "sounds/mob/sniffer/happy4",
        "sounds/mob/sniffer/happy5"
      ]
    },
    "mob.sniffer.hurt": {
      "category": "neutral",
      "sounds": [
        "sounds/mob/sniffer/hurt1",
        "sounds/mob/sniffer/hurt2",
        "sounds/mob/sniffer/hurt3"
      ]
    },
    "mob.sniffer.idle": {
      "category": "neutral",
      "sounds": [
        "sounds/mob/sniffer/idle1",
        "sounds/mob/sniffer/idle2",
        "sounds/mob/sniffer/idle3",
        "sounds/mob/sniffer/idle4",
        "sounds/mob/sniffer/idle5",
        "sounds/mob/sniffer/idle6",
        "sounds/mob/sniffer/idle7",
        "sounds/mob/sniffer/idle8",
        "sounds/mob/sniffer/idle9",
        "sounds/mob/sniffer/idle10",
        "sounds/mob/sniffer/idle11"
      ]
    },
    "mob.sniffer.sniffsniff": {
      "category": "neutral",
      "sounds": [
        "sounds/mob/sniffer/scenting1",
        "sounds/mob/sniffer/scenting2",
        "sounds/mob/sniffer/scenting3"
      ]
    },
    "mob.sniffer.searching": {
      "category": "neutral",
      "sounds": [
        {
          "name": "sounds/mob/sniffer/searching1",
          "volume": 1.0
        },
        {
          "name": "sounds/mob/sniffer/searching1",
          "volume": 0.8
        },
        {
          "name": "sounds/mob/sniffer/searching2",
          "volume": 1.0
        },
        {
          "name": "sounds/mob/sniffer/searching2",
          "volume": 0.8
        },
        {
          "name": "sounds/mob/sniffer/searching3",
          "volume": 1.0
        },
        {
          "name": "sounds/mob/sniffer/searching3",
          "volume": 0.8
        },
        {
          "name": "sounds/mob/sniffer/searching4",
          "volume": 1.0
        },
        {
          "name": "sounds/mob/sniffer/searching4",
          "volume": 0.8
        },
        {
          "name": "sounds/mob/sniffer/searching5",
          "volume": 1.0
        },
        {
          "name": "sounds/mob/sniffer/searching5",
          "volume": 0.8
        },
        {
          "name": "sounds/mob/sniffer/searching6",
          "volume": 1.0
        },
        {
          "name": "sounds/mob/sniffer/searching6",
          "volume": 0.8
        }
      ]
    },
    "mob.sniffer.long_sniff": {
      "category": "neutral",
      "sounds": [
        "sounds/mob/sniffer/sniffing1",
        "sounds/mob/sniffer/sniffing2",
        "sounds/mob/sniffer/sniffing3"
      ]
    },
    "mob.sniffer.step": {
      "category": "neutral",
      "sounds": [
        "sounds/mob/sniffer/step1",
        "sounds/mob/sniffer/step2",
        "sounds/mob/sniffer/step3",
        "sounds/mob/sniffer/step4",
        "sounds/mob/sniffer/step5",
        "sounds/mob/sniffer/step6"
      ]
    },
    "mob.sniffer.drop_seed": {
      "category": "neutral",
      "sounds": [
        {
          "name": "sounds/random/pop",
          "pitch": 0.6,
          "volume": 0.8
        },
        {
          "name": "sounds/random/pop",
          "pitch": 0.7,
          "volume": 0.8
        },
        {
          "name": "sounds/random/pop",
          "pitch": 0.8,
          "volume": 0.8
        }
      ]
    }
  }
}